,ACONDICIONAMIENTOVEHICULOS,ACONDICIONAMIENTOVIAJEROS,BARRIO,CALIFICADORPORTAL,CARRETERA,CODIGOCTMESTACIONREDMETRO,CODIGOEMPRESA,CODIGOENTIDAD,CODIGOESTACION,CODIGOINTERCAMBIADOR,CODIGOMUNICIPIO,CODIGONUCLEO,CODIGOPOSTAL,CODIGOPROVINCIA,CODIGOVIA,CORONA123,CORONATARIFARIA,CORREDOR,DENOMINACION,DENOMINACIONABREVIADA,DENOMINACION_SAE,DISTRITO,ENCUESTAAFOROS,ENCUESTADOMICILIARIA,FECHAACTUAL,FECHAALTA,FECHAFIN,FECHAINICIO,GRADOACCESIBILIDAD,HOJA25000,IDESTACION,INTERURBANOS_CODIGOEMT_CRTM,INTERURBANOS_CODIGOEMT_EMPRESA,LATITUD,LONGITUD,MODO,MODOINTERCAMBIADOR,NOMBREVIA,NUMEROPORTAL,OBJECTID,OBSERVACIONES,PARTICULA,SECCIONCENSAL,SECTOR,SECTORURBANO,SITUACION,SITUACIONCALLE,TESELA,TIPO,TIPONUMERO,TIPOVIA,X,Y,ZONATRANSPORTE
0,3,2,011,,,50,0211,07901,38,280,079,0790101,28015,28,05386,1,A,5,NOVICIADO,,,01,,7,20150709,19990405,,19930701,N,,4_38,,,40.424842233578424,-3.7074190426136306,4,93.0,San Bernardo,49,1,0211,de,001,,0790101A01,I,,T0798585,U,N,Calle,440100,4475360,079-01-007
1,3,2,141,,,175,0915,07901,175,212,079,0790101,28030,28,99999,2,A,3,ESTRELLA,,,14,,379,20150709,19990405,,19930701,N,,4_175,,,40.41147221920649,-3.6617852707606366,4,93.0,Camino de los Vinateros,1,2,0915,del,001,,0790101A01,I,,T07911594,U,N,Calle,443960,4473846,079-14-379
2,3,2,075,,,7,0107,07901,7,316,079,0790101,28003,28,05201,1,A,6,RIOS ROSAS,,,07,,129,20150709,19990405,,19930701,N,559-1,4_7,,,40.44197535635587,-3.701328481177294,4,93.0,Ríos Rosas,22,3,0107,de,103,,,I,,T0796237,U,N,Calle,440632,4477258,079-07-129
3,3,2,104,,,102,0529,07901,102,5,079,0790101,28024,28,07813,2,A,5,CAMPAMENTO,,,10,,251,20150709,20021120,,20020901,N,559-3,4_102,,,40.39480775740209,-3.768128136787409,4,92.0,Padre Piquer,7,4,0529,del,133,3,0790101584,I,,T07911673,U,N,Avda,434921,4472069,079-10-251
4,3,2,125,,,109,0606,07901,109,359,079,0790101,28026,28,00325,2,A,4,USERA,,,12,,316,20150709,19990405,,19930701,N,559-3,4_109,,,40.38709669326968,-3.706895642789324,4,93.0,Amparo Usera,44,5,0606,de,061,,0790101628,I,,T07912862,U,N,Calle,440111,4471170,079-12-316
5,3,2,043,,,115,0613,07901,115,284,079,0790101,28028,28,01736,1,A,1,O'DONNELL,,,04,,78,20150709,19990405,,19930701,N,559-2,4_115,,,40.42288842464461,-3.6685951462919535,4,93.0,Doctor Esquerdo,47,6,0613,del,043,,0790101461,I,,T0798632,U,N,Calle,443392,4475118,079-04-078
6,3,2,102,,,128,0626,07901,128,306,079,0790101,28011,28,02110,2,A,5,PUERTA DEL ANGEL,,,10,,268,20150709,19990405,,19930701,N,559-3,4_128,,,40.41389889439627,-3.7272404518154256,4,93.0,Extremadura,26,7,0626,de,206,,0790101550,I,,T0799336,U,N,Paseo,438409,4474159,079-10-268
7,3,2,,,,230,1224,06507,230,201,065,0650701,28905,28,C0027,3,B1,4,EL BERCIAL,,,03,,705,20150709,20030120,,20030101,T,,4_230,,,40.329072367482894,-3.7296331804893366,4,93.0,Comandante José Manuel Ripollés,4,8,1224, ,001,,0650701001,S,,T0651016,U,N,Avda,438128,4464745,065-001
8,3,2,122,,,268,0352,07901,268,229,079,0790101,28041,28,01496,2,A,4,HOSPITAL 12 DE OCTUBRE,,,12,,326,20150709,20070420,,20070101,T,559-3,4_268,,,40.375031361291015,-3.6958546924445588,4,92.0,Córdoba,49,9,HOSPITAL 12 DE OCTUBRE Linea 3,de,019,,0790101672,I,,T07914198,U,N,Avda,441038,4469823,079-12-326
9,3,2,124,,,267,0351,07901,267,130,079,0790101,28026,28,01496,1,A,4,ALMENDRALES,,,12,,325,20150709,20070420,,20070101,T,559-3,4_267,,,40.38409352717396,-3.697881397655217,4,93.0,Córdoba,21,10,ALMENDRALES Linea 3,de,107,,0790101A01,I,,T07913244,U,N,Avda,440873,4470831,079-12-325
10,3,2,012,,,47,0305,07901,47,258,079,0790101,28012,28,03392,1,A,5,LAVAPIES,,,01,,20,20150709,19990405,,19930701,T,559-3,4_47,,,40.40851094285593,-3.7009041232004773,4,93.0,Lavapiés,7,11,0305,de,050,,0790101977,I,,T0799854,U,N,Plaza,440638,4473543,079-01-020
11,3,2,086,,,274,1051,07901,274,354,079,0790101,28034,28,C1000,2,A,7,TRES OLIVOS,,,08,,148,20150709,20070424,,20070101,T,solape,4_274,,,40.50120462748204,-3.6952024504667387,4,93.0,M-607,SN,12,"TRES OLIVOS Linea 10

Con Calle de Afueras a Valverde", ,153,,0790101930,S,,T079582,U,SN,Acces,441203,4483828,079-08-148
12,3,2,123,,,269,0353,07901,269,331,079,0790101,28041,28,00345,2,A,4,SAN FERMIN-ORCASUR,,,12,,336,20150709,20070420,,20070101,T,559-3,4_269,,,40.36999093055091,-3.6941764145036964,4,93.0,Andalucía,9,13,SAN FERMIN-ORCASUR Linea 3,de,100,,0790101826,I,,T07914879,U,N,Avda,441176,4469263,079-12-336
13,3,2,152,,,135,0704,07901,135,65,079,0790101,28017,28,03514,2,A,1,GARCIA NOBLEJAS,,,15,,423,20150709,19990405,,19930701,N,559-2,4_135,,,40.428423190545146,-3.633299465727318,4,93.0,Luis del Campo,1,14,0704,de,073,,0790101449,I,,T0797944,U,N,Calle,446390,4475710,079-15-423
14,3,2,075,,,142,0711,07901,142,223,079,0790101,28003,28,02527,1,A,6,GREGORIO MARAÑON,,,07,,130,20150709,19990405,,19930701,T,559-1,4_142,,,40.43825099442897,-3.6914828621190114,4,92.0,José Abascal,65,15,0711,de,094,,0790101286,I,,T0796539,U,N,Calle,441463,4476838,079-07-130
15,3,2,084,,,150,0719,07901,150,296,079,0790101,28029,28,06301,2,A,7,PEÑAGRANDE,,,08,,178,20150709,19990430,,19930701,T,559-1,4_150,,,40.47592352024965,-3.715824157912478,4,93.0,Ganapanes,35,16,0719,de,072,,0790101081,I,,T0791852,U,N,Cmno,439433,4481036,079-08-178
16,3,2,085,,,161,0901,07901,161,227,079,0790101,28034,28,11022,2,A,7,HERRERA ORIA,,,08,,185,20150709,19990405,,19930701,N,559-1,4_161,,,40.48466278015302,-3.70751021303079,4,93.0,Valencia de Don Juan,1,17,0901,de,035,,0790101070,I,,T0791200,U,N,Calle,440145,4482000,079-08-185
17,3,2,055,,,166,0906,07901,166,300,079,0790101,28016,28,04833,1,A,1,PIO XII,,,05,,90,20150709,19990405,,19930701,N,559-2,4_166,,,40.46300276051131,-3.67579015001895,4,93.0,Pío XII,27,18,0906,de,082,,0790101206,I,,T0793556,U,N,Avda,442815,4479575,079-05-090
18,3,2,071,,,52,0310,07901,52,68,079,0790101,28015,28,00120,1,A,6,ARGÜELLES,,,07,,136,20150709,19990405,,19930701,N,559-1,4_52,,,40.43066093022461,-3.715962651094834,4,92.0,Alberto Aguilera,72,19,0310,de,001,,0790101303,I,,T0797329,U,N,Calle,439380,4476012,079-07-136
19,3,2,016,,,49,0515,07901,88,62,079,0790101,28013,28,00987,1,A,5,CALLAO,,,01,,13,20150709,19990405,,19930701,T,559-1,4_88,,,40.42008325439652,-3.705664776700521,4,91.0,Callao,3,20,0307,del,117,1,0790101328,I,,T0798880,U,N,Plaza,440245,4474831,079-01-013
20,3,2,164,,,264,0421,07901,264,228,079,0790101,28033,28,01063,2,A,1,HORTALEZA,,,16,,445,20150709,20070410,,20070101,T,559-2,4_264,,,40.47537171795902,-3.6525726113410113,4,93.0,Capitán Cortés,4,21,HORTALEZA Linea 4,del,071,,0790101166,S,,T0791891,U,BLQ,Calle,444794,4480933,079-16-445
21,3,2,212,,,285,0808,07901,285,33,079,0790101,28042,28,20169,2,A,2,AEROPUERTO T4,,,21,,585,20150709,20070503,,20070101,T,559-2,4_285,,,40.491766772325995,-3.593245597213427,4,90.0,Alcobendas a Barajas,SN,22,AEROPUERTO T4 Linea 8,de,015,4,0790101240,I,,T079339,U,SN,Ctra,449835,4482717,079-21-585
22,3,2,087,,,154,0723,07901,154,86,079,0790199,28035,28,45576,2,A,7,PITIS,,,08,,158,20150709,19990430,,19930701,T,559-1,4_154,,,40.49510584237574,-3.7258912329080798,4,93.0,Estación de Pitis,19,23,Con Ctra a la Estación de Pitis,a la,139,2,0790199999,I,,T079764,U,N,Ctra,438597,4483172,079-08-158
23,3,2,,,,214,1206,09201,214,90,092,0920101,28933,28,A0126,3,B2,5,MOSTOLES CENTRAL,,,02,,787,20150709,20030120,,20030101,T,581-2,4_214,,,40.32850021833154,-3.863542175638656,4,92.0,Estación,13,24,1206,de la,011,7,0920101027,I,,T092228,U,N,Paseo,426752,4464784,092-009
24,3,2,012,,,91,0518,07901,91,55,079,0790101,28005,28,04981,1,A,5,PUERTA DE TOLEDO,,,01,,22,20150709,19990405,,19930701,N,559-3,4_91,,,40.40703575446187,-3.711046450767629,4,93.0,Puerta de Toledo,1,25,0518,de,022,,0790101566,I,,T07910174,U,N,Gta,439776,4473386,079-01-022
25,3,2,,,,279,1056,00601,279,249,006,0060101,28109,28,A0104,3,B1,1,LA MORALEJA,,,01,,598,20150709,20070424,,20070101,T,534-4,4_279,,,40.53195564734653,-3.635559522713986,4,93.0,Ermita,5,26,LA MORALEJA Linea 10,de la,037,,0060101039,I,,T006447,U,N,Avda,446281,4487203,006-013
26,3,2,,,,221,1214,05801,221,91,058,0580102,28944,28,10266,3,B2,4,FUENLABRADA CENTRAL,,,04,,699,20150709,20030120,,20030101,T,582-1,4_221,,,40.2826757751405,-3.7989069007820175,4,92.0,Vía,SN,27,Con Calle Luis Sauquillo,de la,001,7,0580102008,I,,T058531,U,SN,Calle,432197,4459646,058-024
27,3,2,052,,,140,0709,07901,140,167,079,0790101,28002,28,00312,1,A,1,CARTAGENA,,,05,,103,20150709,19990405,,19930701,N,559-2,4_140,,,40.43933749524513,-3.672151601329782,4,93.0,América,35,28,0709,de,033,,0790101360,I,,T0796388,U,N,Avda,443104,4476946,079-05-103
28,3,2,015,,,50,1011,07901,197,64,079,0790101,28015,28,05172,1,A,5,PLAZA DE ESPAÑA,,,01,,7,20150709,19990405,,19930701,T,559-1,4_197,,,40.4240868846098,-3.7096987115977367,4,92.0,Reyes,10,29,0308,de los,111,,0790101318,I,,T0798396,U,N,Calle,439906,4475278,079-01-007
29,3,2,076,,,145,0714,07901,145,238,079,0790101,28003,28,01263,1,A,6,ISLAS FILIPINAS,,,07,,126,20150709,19990430,,19930701,T,559-1,4_145,,,40.43906820663266,-3.7137286447993536,4,93.0,Cea Bermúdez,54,30,0714,de,127,,0790101278,I,,T0796439,U,N,Calle,439577,4476943,079-07-126
30,3,2,034,,,173,0913,07901,173,236,079,0790101,28009,28,02844,1,A,3,IBIZA,,,03,,48,20150709,19990405,,19930701,N,559-2,4_173,,,40.41839121058978,-3.6785751055264586,4,93.0,Ibiza,1,31,0913,de,059,,0790101472,I,,T0799034,U,N,Calle,442541,4474625,079-03-048
31,3,2,062,,,5,0105,07901,5,136,079,0790101,28020,28,00886,1,A,6,ALVARADO,,,06,,118,20150709,19990405,,19930701,N,559-1,4_5,,,40.450331975994324,-3.7033142092757845,4,93.0,Bravo Murillo,138,32,0105,de,035,,0790101269,I,,T0795172,U,N,Calle,440471,4478187,079-06-118
32,3,2,074,,,58,0405,07901,58,67,079,0790101,28046,28,01396,1,A,5,COLON,,,07,,140,20150709,19990405,,19930701,N,559-1,4_58,,,40.42541918213737,-3.6910073925714295,4,92.0,Colón,2,33,0405,de,075,1,0790101295,I,,T0798170,U,N,Plaza,441493,4475413,079-07-140
33,3,2,013,,,34,0207,07901,34,345,079,0790101,28014,28,00132,1,A,5,SEVILLA,,,01,,15,20150709,19990405,,19930701,N,559-1,4_34,,,40.41805074812411,-3.699251138040337,4,92.0,Alcalá,23,34,0207,de,072,,0790101331,I,,T0798991,U,N,Calle,440787,4474601,079-01-015
34,3,2,014,,,33,0206,07901,33,60,079,0790101,28014,28,00132,1,A,5,BANCO DE ESPAÑA,,,01,,10,20150709,19990405,,19930701,N,559-1,4_33,,,40.4192197861148,-3.6949651055813844,4,92.0,Alcalá,49,35,0206,de,073,1,0790101327,I,,T0798937,U,N,Calle,441152,4474728,079-01-010
35,3,2,066,,,4,0104,07901,4,72,079,0790101,28020,28,00886,1,A,6,ESTRECHO,,,06,,111,20150709,19990405,,19930701,N,559-1,4_4,,,40.45428802582823,-3.7030229599498505,4,93.0,Bravo Murillo,191,36,0104,de,119,,0790101259,I,,T0794589,U,N,Calle,440499,4478625,079-06-111
36,3,2,,,,300,0925,12307,300,317,123,1230701,28529,28,C0024,3,B2,3,RIVAS FUTURA,,,01,,916,20150709,20080717,,20080709,T,559-4,4_300,,,40.34134215405359,-3.5247890122718806,4,93.0,Concepción Arenal,1,37,, ,001,,1230701010,I,,T123416,U,N,Calle,455537,4465984,123-004
37,3,2,117,,,108,0605,07901,108,36,079,0790101,28025,28,02184,2,A,4,PLAZA ELIPTICA,,,11,,297,20150709,19990405,,19930701,T,559-3,4_108,,,40.38460005540756,-3.7183705578119546,4,90.0,Fernández Ladreda,2,38,0605,de,183,3,0790101659,I,,T07913162,U,N,Plaza,439135,4470901,079-11-297
38,3,2,212,,,159,0806,07901,159,34,079,0790101,28042,28,10444,2,A,2,AEROPUERTO T1 T2 T3,,,21,,585,20150709,20020215,,19980101,T,559-2,4_159,,,40.4686442368363,-3.569538255943205,4,90.0,Hispanidad,SN,39,Aparcamientos terminal 3,de la,015,4,0790101240,I,,T079841,U,N,Avda,451828,4480138,079-21-585
39,3,2,052,A,,64,0411,07901,64,4,079,0790101,28002,28,00312,1,A,1,AVENIDA DE AMERICA,,,05,,103,20150709,19990405,,19930701,N,559-2,4_64,,,40.43803257738159,-3.6766395553262643,4,90.0,América,9,40,0411,de,031,1,0790101362,I,,T0796594,U,N,Avda,442722,4476804,079-05-103
40,3,2,062,,,6,0619,07901,121,40,079,0790101,28020,28,01600,1,A,6,CUATRO CAMINOS,,,06,,118,20150709,19990405,,19930701,T,559-1,4_121,,,40.44697459690457,-3.703868699286015,4,91.0,Cuatro Caminos,9,41,0106,de,024,1,0790101269,I,,T0795641,U,N,Gta,440421,4477814,079-06-118
41,3,2,042,,,29,0614,07901,116,41,079,0790101,28028,28,05244,1,A,1,MANUEL BECERRA,,,04,,76,20150709,19990405,,19930701,N,559-2,4_116,,,40.42790447983754,-3.6692051807116384,4,91.0,Manuel Becerra,1,42,0202,de,034,1,0790101387,I,,T0797933,U,N,Plaza,443344,4475675,079-04-076
42,3,2,132,,,19,0119,07901,19,51,079,0790101,28053,28,00130,2,A,3,PUENTE DE VALLECAS,,,13,,351,20150709,19990405,,19930701,N,559-4,4_19,,,40.39819215100294,-3.669058999478586,4,92.0,Albufera,1,43,0119,de la,042,3,0790101001,I,,T07911322,U,N,Avda,443332,4472377,079-13-351
43,3,2,,,,291,0758,13002,291,239,130,1300201,28830,28,00235,3,B1,2,JARAMA,,,01,,929,20150709,20070507,,20070101,T,559-2,4_291,,,40.42295480433805,-3.5254937648988705,4,93.0,Guernica,1,44,JARAMA Linea 7, ,006,,1300201008,I,,T130227,U,N,Plaza,455531,4475043,130-008
44,3,2,076,,,41,0713,07901,144,163,079,0790101,28003,28,01263,1,A,6,CANAL,,,07,,128,20150709,19990405,,19930701,T,559-1,4_144,,,40.43870250794506,-3.704888988656737,4,93.0,Cea Bermúdez,1,45,0214,de,121,,0790101281,I,,T0796509,U,N,Calle,440327,4476897,079-07-128
45,3,2,086,,,277,1054,07901,277,321,079,0790101,28050,28,C0619,2,A,7,RONDA DE LA COMUNICACION,,,08,,153,20150709,20070424,,20070101,T,534-4,4_277,,,40.51553464717745,-3.6627651035032445,4,93.0,Comunicación,22,46,RONDA DE LA COMUNICACION Linea 10,de la,128,,0790101996,I,,T079273,U,N,Ronda,443963,4485398,079-08-153
46,3,2,073,,,57,1009,07901,195,133,079,0790101,28010,28,03672,1,A,6,ALONSO MARTINEZ,,,07,,139,20150709,19990405,,19930701,N,559-1,4_195,,,40.42852602883,-3.6964318860038867,4,92.0,Manuel González Longoria,14,47,0404,de,072,,0790101296,I,,T0797834,U,N,Calle,441035,4475762,079-07-139
47,3,2,026,,,45,0303,07901,45,287,079,0790101,28045,28,09110,1,A,4,PALOS DE LA FRONTERA,,,02,,30,20150709,19990405,,19930701,T,559-3,4_45,,,40.40307228397831,-3.6942326840798296,4,93.0,Palos de la Frontera,33,48,0303,de,074,,0790101613,I,,T07910691,U,N,Calle,441200,4472935,079-02-030
48,3,2,153,,,78,0706,07901,137,305,079,0790101,28027,28,00132,2,A,1,PUEBLO NUEVO,,,15,,414,20150709,19990405,,19930701,N,559-2,4_137,,,40.43565851549913,-3.6428229372521685,4,93.0,Alcalá,372,49,0505,de,100,,0790101414,I,,T0796862,U,N,Calle,445588,4476519,079-15-414
49,3,2,076,,,122,0620,07901,122,225,079,0790101,28003,28,02695,1,A,6,GUZMAN EL BUENO,,,07,,121,20150709,19990405,,19930701,T,559-1,4_122,,,40.44636607914371,-3.7122940370605675,4,93.0,Guzmán el Bueno,118,50,0620,de,135,,0790101275,I,,T0795687,U,N,Calle,439706,4477752,079-07-121
50,3,2,031,,,18,0118,07901,18,53,079,0790101,28007,28,01357,1,A,3,PACIFICO,,,03,,63,20150709,19990405,,19930701,N,559-4,4_18,,,40.40126178904823,-3.67513655621334,4,92.0,Ciudad de Barcelona,79,51,0118,de la,095,1,0790101715,I,,T07910963,U,N,Avda,442819,4472721,079-03-063
51,3,2,016,,,11,0514,07901,87,222,079,0790101,28013,28,03097,1,A,5,GRAN VIA,,,01,,14,20150709,19990405,,19930701,N,559-1,4_87,,,40.419986617735724,-3.701803930135661,4,93.0,Gran Vía,23,52,0111, ,117,,0790101328,I,,T0798905,U,N,Calle,440572,4474817,079-01-014
52,3,2,134,,,25,0125,07901,25,49,079,0790101,28031,28,09429,2,A,3,SIERRA DE GUADALUPE,,,13,,350,20150709,19990430,,19930701,T,559-4,4_25,,,40.3821642503006,-3.6247174701487794,4,91.0,Democracia,1,53,0125,de la,128,3,0790101776,I,,T07913672,U,N,Avda,447082,4470570,079-13-350
53,3,2,086,,,187,1001,07901,187,440,079,0790101,28034,28,02384,2,A,7,FUENCARRAL,,,08,,162,20150709,19990405,,19980101,N,559-1,4_187,,,40.495085162407655,-3.692831231006568,4,93.0,Fuente Chica,21,54,Frente al nº 50,de la,122,,0790101062,I,,T079856,U,N,Calle,441399,4483147,079-08-162
54,3,2,063,,,2,0102,07901,2,360,079,0790101,28020,28,00886,1,A,6,VALDEACEDERAS,,,06,,112,20150709,19990405,,19930701,N,559-1,4_2,,,40.46442417859868,-3.6950620375087544,4,93.0,Bravo Murillo,332,55,0102,de,069,,0790101126,I,,T0793479,U,N,Calle,441183,4479745,079-06-112
55,3,2,117,,,208,1103,07901,208,288,079,0790101,28025,28,00017,2,A,4,PAN BENDITO,,,11,,302,20150709,19990405,,19930701,T,559-3,4_208,,,40.37586863665673,-3.7341688565304656,4,93.0,Abrantes,289,56,1103,de,158,,0790101654,I,,T07914219,U,N,Avda,437786,4469942,079-11-302
56,3,2,,,,210,1202,00701,210,293,007,0070101,28924,28,02522,3,B1,5,PARQUE LISBOA,,,02,,653,20150709,20030120,,20030101,T,559-3,4_210,,,40.34968728152219,-3.8211957325521553,4,93.0,Porto Lagos,7,57,1202,de,001,,0070101013,I,,T007279,U,N,Calle,430371,4467101,007-010
57,3,2,101,,,104,0601,07901,104,83,079,0790101,28047,28,01597,1,A,5,LAGUNA,,,10,,264,20150709,19990405,,19930701,N,559-3,4_104,,,40.39922962471062,-3.744288718056632,4,92.0,Cuart de Poblet,1,58,0601,de,006,3,0790101911,I,,T07911131,U,N,Calle,436948,4472543,079-10-264
58,3,2,,,,222,1215,05801,222,290,058,0580102,28945,28,A0506,3,B2,4,PARQUE DE LOS ESTADOS,,,02,,694,20150709,20030120,,20030101,T,582-1,4_222,,,40.28683580053262,-3.786974043457501,4,93.0,Venezuela,2,59,1215,de,004,,0580102013,I,,T058471,U,N,Calle,433215,4460099,058-019
59,3,2,,,,227,1221,06503,227,241,065,0650301,28903,28,A0277,3,B1,4,JUAN DE LA CIERVA,,,04,,716,20150709,20030120,,20030101,T,582-1,4_227,,,40.31180236485632,-3.722240122704442,4,93.0,España,20,60,1221,de,021,,0650301049,I,,T065574,U,N,Avda,438740,4462823,065-012
60,3,2,,,,231,1225,07402,231,204,074,0740201,28916,28,A0370,3,B1,4,EL CARRASCAL,,,05,,763,20150709,20030120,,20030101,T,559-3,4_231,,,40.33663824377751,-3.7401848829148365,4,93.0,Rey Juan Carlos I,85,61,1225, ,015,,0740201003,I,,T074574,U,N,Avda,437239,4465592,074-024
61,3,2,,,,233,1227,07402,233,168,074,0740201,28914,28,A0180,3,B1,4,CASA DEL RELOJ,,,02,,767,20150709,20030120,,20030101,T,582-1,4_233,,,40.32660272138423,-3.75942499130863,4,93.0,Gibraltar,11,62,1227, ,008,,0740201027,I,,T0741116,U,N,Avda,435595,4464492,074-028
62,3,2,211,,,253,0551,07901,253,202,079,0790101,28042,28,10942,2,A,2,EL CAPRICHO,,,21,,582,20150709,20061123,,20061101,T,559-2,4_253,,,40.453468332704944,-3.5940116576957872,4,93.0,Pinos de Osuna,15,63,EL CAPRICHO Linea 5,de,001,,0790101497,I,,T0794584,U,N,Calle,449742,4478467,079-21-582
63,3,2,181,,,26,0126,07901,26,370,079,0790101,28031,28,00962,2,A,3,VILLA DE VALLECAS,,,18,,500,20150709,19990430,,19930701,T,559-4,4_26,,,40.379598611419055,-3.621296484882349,4,93.0,Federico García Lorca,2,64,0126,de,014,,0790101781,I,,T07913926,U,N,Paseo,447370,4470283,079-18-500
64,3,2,191,,,179,0919,07901,179,361,079,0790101,28032,28,45424,2,A,3,VALDEBERNARDO,,,19,,522,20150709,19990405,,19930701,T,559-4,4_179,,,40.40004712961799,-3.6215591598085286,4,93.0,Indalecio Prieto,26,65,0919,de,035,,0790101900,I,,T07911145,U,N,Bulv,447364,4472553,079-19-522
65,3,2,054,,,156,0907,07901,167,77,079,0790101,28016,28,02511,1,A,1,COLOMBIA,,,05,,94,20150709,19990405,,19930701,T,559-2,4_167,,,40.45748975041236,-3.6769390594028932,4,92.0,Príncipe de Vergara,269,66,0802,del,059,,0790101336,I,,T0794249,U,N,Calle,442713,4478964,079-05-094
66,3,2,205,,,132,0701,07901,132,255,079,0790101,28022,28,45474,2,A,2,LAS MUSAS,,,20,,566,20150709,19990405,,19930701,N,559-2,4_132,,,40.432988127939815,-3.607879514276323,4,93.0,Niza,61,67,0701,de,066,,0790101493,I,,T0797274,U,N,Avda,448550,4476201,079-20-566
67,3,2,045,,,63,0615,07901,117,66,079,0790101,28028,28,02340,1,A,1,DIEGO DE LEON,,,04,,72,20150709,19990405,,19930701,N,559-2,4_117,,,40.432947682446056,-3.6729385667724195,4,92.0,Francisco Silvela,47,68,0410,de,103,1,0790101384,I,,T0797186,U,N,Calle,443032,4476237,079-04-072
68,3,2,045,,,83,0911,07901,171,283,079,0790101,28006,28,03880,1,A,1,NUÑEZ DE BALBOA,,,04,,72,20150709,19990405,,19930701,N,559-2,4_171,,,40.43012982126571,-3.6793637194556172,4,93.0,Marqués de Salamanca,9,69,0510,del,111,,0790101A01,I,,T0797562,U,N,Plaza,442484,4475928,079-04-072
69,3,2,044,,,28,0508,07901,81,367,079,0790101,28028,28,00132,1,A,1,VENTAS,,,04,,73,20150709,19990405,,19930701,N,559-2,4_81,,,40.430884803194914,-3.6636058417273496,4,93.0,Alcalá,204,70,0201,de,071,,0790101391,I,,T0797177,U,N,Calle,443822,4476002,079-04-073
70,3,2,056,,,1,1004,07901,190,21,079,0790101,28046,28,01213,1,A,1,PLAZA DE CASTILLA,,,05,,85,20150709,19990405,,19980101,N,559-1,4_190,,,40.46689653414191,-3.6890861043280827,4,90.0,Castellana,216,71,0101,de la,088,1,0790101119,I,,T0793028,U,N,Paseo,441692,4480016,079-05-085
71,3,2,191,,,182,0922,07901,182,39,079,0790101,28032,28,08410,2,A,3,PUERTA DE ARGANDA,,,19,,531,20150709,19990405,,19930701,T,559-4,4_182,,,40.40131578216117,-3.5959753029479633,4,91.0,San Cipriano,85,72,0922,de,047,4,0790101895,I,,T07910783,U,N,Calle,449536,4472679,079-19-531
72,3,2,215,,,158,0805,07901,158,162,079,0790101,28042,28,11886,2,A,2,CAMPO DE LAS NACIONES,,,21,,578,20150709,19990405,,19980101,T,559-2,4_158,,,40.46389315131333,-3.6162046822415186,4,92.0,Partenón,5,73,0805,del,029,,0790101902,I,,T0792560,U,N,Avda,447868,4479637,079-21-578
73,3,2,111,,,99,0526,07901,99,213,079,0790101,28047,28,99999,2,A,4,EUGENIA DE MONTIJO,,,11,,298,20150709,20020304,,19980101,T,,4_99,,,40.38438579717573,-3.7512111847828216,4,93.0,Ocaña,86,74,0526,de,001,,0790101A01,S,,T07911026,U,N,Calle,436347,4470900,079-11-298
74,3,1,,,,305,1107,07401,305,245,074,0740101,28917,28,A0445,3,B1,4,LA FORTUNA,,,06,,740,20150709,20101013,,20101005,T,559-3,4_305,,,40.357953128926525,-3.7778258498960042,4,93.0,San José,40,75,, ,003,,0740101001,I,,T07421,U,N,Calle,434062,4467986,074-001
75,3,2,204,,,323,0253,07901,323,99,079,0790101,28037,28,99999,1,A,1,ALSACIA,,,20,,567,20150709,20110318,,20110316,T,559-2,4_323,,,40.41829269464442,-3.6235060015486664,4,91.0,Alsacia,S/N,76,,de,043,4,0790101486,I,,T0798903,U,N,Plaza,447213,4474579,079-20-567
76,3,2,152,,,322,0252,07901,322,243,079,0790101,28017,28,00587,1,A,1,LA ALMUDENA,,,15,,424,20150709,20110318,,20110316,T,559-2,4_322,,,40.42361329068056,-3.6391423303625725,4,93.0,Arriaga,75,77,,de,065,,0790101449,I,,T0798475,U,N,Calle,445891,4475180,079-15-424
77,3,4,087,,,345,0952,07901,345,,079,,28034,28,45945,1,A,7,PACO DE LUCIA,,,08,,160,20150709,20150325,,20150325,T,559-1,4_345,,,40.499654912051675,-3.709081480557363,4,,Monasterio de Las Huelgas,5,78,,de,135,,,I,,T079679,U,N,Calle,440026,4483665,079-08-160
78,3,2,041,,,60,0407,07901,60,366,079,0790101,28001,28,04373,1,A,1,VELAZQUEZ,,,04,,74,20150709,19990405,,19930701,N,559-2,4_60,,,40.425032550864806,-3.6829181480861983,4,93.0,Núñez de Balboa,33,79,0407,de,012,,0790101469,I,,T0798383,U,N,Calle,442179,4475365,079-04-074
79,3,2,053,,,65,0412,07901,65,211,079,0790101,28002,28,11292,1,A,1,PROSPERIDAD,,,05,,97,20150709,19990405,,19930701,N,559-2,4_65,,,40.444188974144545,-3.674818902992059,4,93.0,Prosperidad,4,80,0412,de la,042,,0790101363,I,,T0796021,U,N,Plaza,442882,4477486,079-05-097
80,3,2,156,,,68,0415,07901,68,74,079,0790101,28043,28,00582,2,A,1,ARTURO SORIA,,,15,,401,20150709,19990405,,19930701,N,559-2,4_68,,,40.4558324918715,-3.656181218097823,4,93.0,Arturo Soria,172,81,0415,de,174,,0790101344,I,,T0794431,U,N,Calle,444472,4478766,079-15-401
81,3,2,163,,,70,0417,07901,70,164,079,0790101,28043,28,11701,2,A,1,CANILLAS,,,16,,455,20150709,19990405,,19930701,T,559-2,4_70,,,40.463810536980176,-3.6355954639810872,4,93.0,Machupichu,64,82,0417,de,021,,0790101180,I,,T0793492,U,N,Avda,446224,4479639,079-16-455
82,3,2,164,,,73,0420,07901,73,291,079,0790101,28033,28,09561,2,A,1,PARQUE DE SANTA MARIA,,,16,,446,20150709,19990405,,19930701,T,559-2,4_73,,,40.47711429389674,-3.6452420021656278,4,93.0,Santa Virgilia,1,83,0420,de,064,,0790101168,I,,T0791697,U,N,Calle,445417,4481122,079-16-446
83,3,2,153,,,77,0504,07901,77,7,079,0790101,28027,28,00582,2,A,1,CIUDAD LINEAL,,,15,,415,20150709,19990405,,19930701,N,559-2,4_77,,,40.4380484084201,-3.638157588345499,4,91.0,Arturo Soria,2,84,0504,de,093,4,0790101414,I,,T0796669,U,N,Calle,445986,4476781,079-15-415
84,3,2,012,,,90,0517,07901,90,248,079,0790101,28005,28,05526,1,A,5,LA LATINA,,,01,,19,20150709,19990405,,19930701,N,559-3,4_90,,,40.41128032868688,-3.708160868519015,4,93.0,San Millán,5,85,0517,de,025,,0790101A11,I,,T0799657,U,N,Calle,440025,4473855,079-01-019
85,3,2,114,,,98,0525,07901,98,165,079,0790101,28047,28,01901,2,A,4,CARABANCHEL,,,11,,288,20150709,19990405,,19930701,N,559-3,4_98,,,40.38782701996798,-3.744870521041383,4,93.0,Ejército,1,86,0525,del,089,,0790101635,I,,T07912698,U,N,Gta,436888,4471277,079-11-288
86,3,2,,,,183,0924,12318,183,318,123,1231801,28529,28,99999,3,B1,3,RIVAS URBANIZACIONES,,,01,,914,20150709,19990702,,19990401,T,,4_183,,,40.366771502577514,-3.5472758067455525,4,92.0,Galicia,5,87,0924,de,001,,1231801001,S,,T1231,U,N,Plaza,453645,4468818,123-002
87,3,2,041,,,62,0409,07901,62,259,079,0790101,28006,28,01457,1,A,1,LISTA,,,04,,72,20150709,19990405,,19930701,N,,4_62,,,40.429168520255786,-3.675409822278686,4,93.0,Conde de Peñalver,45,88,0409,del,001,,0790101A01,I,,T0798598,U,N,Calle,442819,4475819,079-04-072
88,3,2,091,,,199,1013,07901,199,254,079,0790101,28011,28,40520,2,A,6,LAGO,,,09,,224,20150709,19990405,,19930701,T,,4_199,,,40.416414110991504,-3.7356310593736235,4,93.0,Lago,3,89,"Estación de Ferrocarril

1013",del,001,,0790101A01,S,,T0798278,U,N,Ronda,437699,4474444,079-09-224
89,3,2,091,,,200,1014,07901,200,158,079,0790101,28011,28,99999,2,A,6,BATAN,,,09,,224,20150709,19990405,,19930701,T,,4_200,,,40.40786020840237,-3.7531099371759526,4,93.0,Venta,1,90,1014,de la,001,,0790101A01,S,,T0798323,U,N,Paseo,436208,4473507,079-09-224
90,3,2,016,,,12,0112,07901,12,58,079,0790101,28013,28,04980,1,A,5,SOL,,,01,,14,20150709,19990405,,19930701,P,solape,4_12,,,40.41687606089402,-3.703261648575282,4,90.0,Puerta del Sol,6,91,0112,de la,119,1,0790101560,I,,T0799024,U,N,Plaza,440446,4474473,079-01-014
91,3,2,016,,,12,0208,07901,35,58,079,0790101,28013,28,04980,1,A,5,SOL,,,01,,14,20150709,19990405,,19930701,P,solape,4_35,,,40.4168474580948,-3.7032613507552123,4,90.0,Puerta del Sol,6,92,0112,de la,119,1,0790101560,I,,T0799116,U,N,Plaza,440446,4474470,079-01-014
92,3,2,016,,,12,0306,07901,48,58,079,0790101,28013,28,04980,1,A,5,SOL,,,01,,14,20150709,19990405,,19930701,P,solape,4_48,,,40.41681647165373,-3.7032610281165037,4,90.0,Puerta del Sol,6,93,0112,de la,119,1,0790101560,I,,T0799116,U,N,Plaza,440446,4474466,079-01-014
93,3,2,062,,,120,0618,07901,120,71,079,0790101,28046,28,05080,1,A,6,NUEVOS MINISTERIOS,,,06,,120,20150709,19990405,,19930701,T,559-1,4_120,,,40.446621215182525,-3.6924064585114573,4,90.0,Raimundo Fernández Villaverde,67,94,Frente al nº 65,de,029,1,0790101267,I,,T0795339,U,N,Calle,441392,4477767,079-06-120
94,3,2,062,,,120,1007,07901,193,71,079,0790101,28046,28,05080,1,A,6,NUEVOS MINISTERIOS,,,06,,120,20150709,19990405,,19980101,T,559-1,4_193,,,40.44658546516346,-3.6924060916320443,4,90.0,Raimundo Fernández Villaverde,67,95,0618,de,029,1,0790101267,I,,T0795339,U,N,Calle,441392,4477763,079-06-120
95,3,2,,,,185,0927,01401,185,251,014,0140101,28500,28,99999,3,B3,3,LA POVEDA,,,01,,886,20150709,19990702,,19990407,T,,4_185,,,40.31901573079284,-3.477447350588455,4,93.0,9017 Polígono 1,S/N,96,Metro Madrid Arganda. Arganda del Rey (MADRID), ,001,,0140101001,S,,T014107,U,SN,Parcela,459545,4463483,014-001
96,3,2,101,,,101,0528,07901,101,205,079,0790101,28024,28,08605,2,A,5,EMPALME,,,10,,254,20150709,20021120,,20020901,T,,4_101,,,40.39057255783158,-3.765347875572339,4,93.0,Tembleque,105,97,0528,de,001,,0790101A01,S,,T07911674,U,N,Calle,435153,4471597,079-10-254
97,3,2,,,,226,1220,06503,226,92,065,0650301,28904,28,A0299,3,B1,4,GETAFE CENTRAL,,,03,,722,20150709,20030120,,20030101,T,582-1,4_226,,,40.30992790904166,-3.734025028929001,4,92.0,Ferrocarril,2,98,Frente al nº 3,,016,7,0650301031,I,,T065637,U,N,Calle,437737,4462623,065-018
98,3,2,014,,,10,0110,07901,10,355,079,0790101,28004,28,02365,1,A,5,TRIBUNAL,,,01,,4,20150709,19990405,,19930701,N,559-1,4_10,,,40.42618539559021,-3.70109984950459,4,92.0,Fuencarral,81,99,0110,de,088,,0790101322,I,,T0798082,U,N,Calle,440637,4475505,079-01-004
99,3,2,114,,,105,0602,07901,105,166,079,0790101,28025,28,08995,2,A,4,CARPETANA,,,11,,287,20150709,19990405,,19930701,N,559-3,4_105,,,40.39270189946354,-3.740993676713557,4,93.0,Vía Carpetana,141,100,0602, ,081,,0790101589,I,,T07912016,U,N,Calle,437222,4471816,079-11-287
100,3,2,112,A,,107,0604,07901,107,285,079,0790101,28019,28,06234,2,A,4,OPAÑEL,,,11,,285,20150709,19990405,,19930701,N,559-3,4_107,,,40.38690440425559,-3.723133621163613,4,93.0,Valle de Oro,50,101,0604,del,026,,0790101632,I,,T07912880,U,N,Calle,438733,4471160,079-11-285
101,3,2,036,,,113,0611,07901,113,8,079,0790101,28007,28,01447,1,A,3,CONDE DE CASAL,,,03,,57,20150709,19990405,,19930701,T,559-4,4_113,,,40.40696795047538,-3.670408067233978,4,92.0,Conde de Casal,3,102,0611,del,079,1,0790101703,I,,T07910074,U,N,Plaza,443225,4473352,079-03-057
102,3,2,093,,,123,0621,07901,123,273,079,0790101,28040,28,11026,2,A,6,METROPOLITANO,,,09,,221,20150709,19990405,,19930701,N,559-1,4_123,,,40.44643639934855,-3.719426711968892,4,93.0,Gregorio del Amo,4,103,0621,de,033,,0790101253,I,,T0795691,U,N,Avda,439101,4477765,079-09-221
103,3,2,102,,,129,0627,07901,129,135,079,0790101,28011,28,02110,2,A,5,ALTO DE EXTREMADURA,,,10,,265,20150709,19990405,,19930701,N,559-3,4_129,,,40.40992601698508,-3.7389361815722615,4,93.0,Extremadura,154,104,0627,de,044,,0790101550,I,,T0799695,U,N,Paseo,437413,4473726,079-10-265
104,3,2,012,,,13,0113,07901,13,349,079,0790101,28012,28,06033,1,A,5,TIRSO DE MOLINA,,,01,,19,20150709,19990405,,19930701,N,559-3,4_13,,,40.412348094110165,-3.704655268799714,4,92.0,Tirso de Molina,7,105,0113,de,025,,0790101A10,I,,T0799530,U,N,Plaza,440323,4473971,079-01-019
105,3,2,092,,,50,0308,07901,50,64,079,0790101,28008,28,02024,2,A,6,PLAZA DE ESPAÑA,,,09,,231,20150709,19990405,,19930701,T,559-1,4_50,,,40.42341602795806,-3.711197037580092,4,92.0,España,1,106,0308,de,014,,0790101317,I,,T0798462,U,N,Plaza,439778,4475204,079-09-231
106,3,2,015,,,51,0309,07901,51,369,079,0790101,28008,28,04939,1,A,5,VENTURA RODRIGUEZ,,,01,,6,20150709,19990405,,19930701,T,559-1,4_51,,,40.42708736443108,-3.713413096705454,4,93.0,Princesa,22,107,0309,de la,108,,0790101319,I,,T0798003,U,N,Calle,439594,4475613,079-01-006
107,3,2,086,,,276,1053,07901,276,95,079,0790101,28050,28,45764,1,A,7,LAS TABLAS,,,08,,152,20150709,20070424,,20070101,T,534-4,4_276,,,40.50833012106391,-3.6694425832834607,4,92.0,Palas de Rey,30,108,LAS TABLAS Linea 10,de,167,2,0790101986,I,,T079385,U,N,Calle,443392,4484602,079-08-152
108,3,2,091,,,103,0530,07901,103,42,079,0790101,28011,28,40759,2,A,6,CASA DE CAMPO,,,09,,224,20150709,20021120,,20020901,T,559-3,4_103,,,40.403242270835875,-3.761013667626499,4,91.0,Zoo,1,109,Con Paseo de la Venta,del,002,3,0790101531,I,,T07910057,U,N,Ctra,435533,4473000,079-09-224
109,3,2,091,,,103,1015,07901,201,42,079,0790101,28011,28,99999,2,A,6,CASA DE CAMPO,,,09,,224,20150709,19990405,,20021022,T,559-3,4_201,,,40.40320794801885,-3.761013281083767,4,91.0,Venta,SN,110,0530,de la,002,3,0790101531,I,,T07910057,U,N,Paseo,435533,4472996,079-09-224
110,3,2,153,,,78,0505,07901,78,305,079,0790101,28027,28,00132,2,A,1,PUEBLO NUEVO,,,15,,414,20150709,19990405,,19930701,N,559-2,4_78,,,40.43569283899227,-3.64282326413925,4,93.0,Alcalá,372,111,0505,de,100,,0790101414,I,,T0796862,U,N,Calle,445588,4476523,079-15-414
111,3,2,093,,,124,0622,07901,124,70,079,0790101,28040,28,08012,2,A,6,CIUDAD UNIVERSITARIA,,,09,,219,20150709,19990405,,19930701,T,559-1,4_124,,,40.44356467694622,-3.726784810097875,4,92.0,Complutense,1,112,0622,,033,5,0790101253,I,,T0795967,U,N,Avda,438474,4477451,079-09-219
112,3,2,076,,,122,0715,07901,146,225,079,0790101,28003,28,02695,1,A,6,GUZMAN EL BUENO,,,07,,121,20150709,19990430,,19930701,T,559-1,4_146,,,40.446328896938624,-3.712293644526187,4,93.0,Guzmán el Bueno,118,113,0620,de,135,,0790101275,I,,T0795687,U,N,Calle,439706,4477748,079-07-121
113,3,2,144,,,176,0916,07901,176,372,079,0790101,28030,28,07514,2,A,3,VINATEROS,,,14,,380,20150709,19990405,,19930701,N,559-4,4_176,,,40.41023992779957,-3.6527342071047637,4,93.0,Camino de los Vinateros,70,114,0916,del,030,,0790101694,I,,T0799800,U,N,Calle,444727,4473704,079-14-380
114,3,2,146,,,177,0917,07901,177,144,079,0790101,28030,28,07514,2,A,3,ARTILLEROS,,,14,,385,20150709,19990405,,19930701,N,559-4,4_177,,,40.4052238336675,-3.641812337774728,4,93.0,Camino de los Vinateros,210,115,0917,del,064,,0790101694,I,,T07910371,U,N,Calle,445650,4473140,079-14-385
115,3,2,132,,,20,0120,07901,20,281,079,0790101,28053,28,00130,2,A,3,NUEVA NUMANCIA,,,13,,351,20150709,19990405,,19930701,N,559-4,4_20,,,40.39553816215716,-3.6641417014856694,4,93.0,Albufera,70,116,0120,de la,052,,0790101721,I,,T07911684,U,N,Avda,443747,4472079,079-13-351
116,3,2,191,,,181,0921,07901,181,327,079,0790101,28032,28,08410,2,A,3,SAN CIPRIANO,,,19,,531,20150709,19990405,,19930701,T,559-4,4_181,,,40.40381175745944,-3.6023940495699014,4,93.0,San Cipriano,68,117,0921,de,007,,0790101892,I,,T07910711,U,N,Calle,448993,4472960,079-19-531
117,3,2,211,,,252,0552,07901,252,121,079,0790101,28042,28,09118,2,A,2,ALAMEDA DE OSUNA,,,21,,581,20150709,20061123,,20061101,T,559-2,4_252,,,40.45778862852046,-3.5875209290434937,4,93.0,Corbeta,14,118,ALAMEDA DE OSUNA Linea 5,de la,004,,0790101237,I,,T0794256,U,N,Calle,450295,4478943,079-21-581
118,3,2,012,,,15,0115,07901,15,29,079,0790101,28012,28,01949,1,A,4,ATOCHA,,,01,,23,20150709,19990405,,19930701,N,559-3,4_15,,,40.40885159837552,-3.692487271050582,4,92.0,Emperador Carlos V,11,119,0115,del,058,1,0790101564,I,,T0799927,U,N,Plaza,441353,4473575,079-01-023
119,3,2,027,B,,16,0116,07901,16,54,079,0790101,28007,28,01357,1,A,4,ATOCHA RENFE,,,02,,33,20150709,19990405,,19930701,T,559-3,4_16,,,40.406586814542514,-3.689378110765852,4,90.0,Ciudad de Barcelona,2,120,0116,de la,083,1,0790101717,I,,T07910055,U,N,Avda,441615,4473322,079-02-033
120,3,2,011,,,36,0209,07901,36,31,079,0790101,28013,28,02909,1,A,5,OPERA,,,01,,12,20150709,19990405,,19930701,N,559-1,4_36,,,40.418092919493105,-3.7094186087196794,4,92.0,Isabel II,9,121,0001,de,004,1,0790101330,I,,T0799022,U,N,Plaza,439924,4474612,079-01-012
121,3,2,073,,,57,0404,07901,57,133,079,0790101,28004,28,00250,1,A,5,ALONSO MARTINEZ,,,07,,139,20150709,19990405,,19930701,N,559-1,4_57,,,40.42772011333865,-3.6959386952332616,4,92.0,Alonso Martínez,4,122,0404,de,072,,0790101296,I,,T0797936,U,N,Plaza,441076,4475672,079-07-139
122,3,2,063,,,3,0103,07901,3,348,079,0790101,28020,28,00886,1,A,6,TETUAN,,,06,,112,20150709,19990405,,19930701,N,559-1,4_3,,,40.46055188266481,-3.698249893972328,4,93.0,Bravo Murillo,264,123,0103,de,058,,0790101261,I,,T0793966,U,N,Calle,440909,4479318,079-06-112
123,3,2,181,,,293,0128,07901,293,246,079,0790101,28031,28,C0380,2,A,3,LA GAVIA,,,18,,512,20150709,20070511,,20070101,T,559-4,4_293,,,40.37019166319747,-3.613463483075256,4,93.0,Ensanche de Vallecas,16,124,LA GAVIA Linea 1,del,047,,0790101A16,I,,T07914868,U,N,Avda,448028,4469234,079-18-512
124,3,2,042,,,30,0203,07901,30,61,079,0790101,28009,28,00132,1,A,1,GOYA,,,04,,75,20150709,19990405,,19930701,T,559-2,4_30,,,40.4245483896706,-3.675910176185961,4,91.0,Alcalá,96,125,0203,de,019,1,0790101467,I,,T0798443,U,N,Calle,442773,4475306,079-04-075
125,3,2,042,,,31,0204,07901,31,301,079,0790101,28009,28,00132,1,A,1,PRINCIPE DE VERGARA,,,04,,75,20150709,19990405,,19930701,N,559-2,4_31,,,40.422944861760726,-3.680122681043693,4,93.0,Alcalá,123,126,0204,de,015,,0790101468,I,,T0798579,U,N,Calle,442414,4475131,079-04-075
126,3,2,035,,,32,0205,07901,32,314,079,0790101,28009,28,00132,1,A,3,RETIRO,,,03,,47,20150709,19990405,,19930701,N,solape,4_32,,,40.42030671752325,-3.686244719177841,4,93.0,Alcalá,81,127,0205,de,068,,0790101471,I,,T0798814,U,N,Calle,441892,4474842,079-03-047
127,3,2,011,,,37,0210,07901,37,62,079,0790101,28013,28,05386,1,A,5,SANTO DOMINGO,,,01,,12,20150709,19990405,,19930701,N,559-1,4_37,,,40.42131540813318,-3.707955276656987,4,91.0,San Bernardo,11,128,0210,de,003,1,0790101328,I,,T0798775,U,N,Calle,440051,4474969,079-01-012
128,3,2,073,,,39,0212,07901,39,325,079,0790101,28015,28,05386,1,A,6,SAN BERNARDO,,,07,,138,20150709,19990405,,19930701,N,559-1,4_39,,,40.430012762660795,-3.7055699332510224,4,93.0,San Bernardo,94,129,0212,de,050,,0790101297,I,,T0797575,U,N,Calle,440261,4475933,079-07-138
129,3,2,181,,,294,0129,07901,294,257,079,0790101,28031,28,C0381,2,A,3,LAS SUERTES,,,18,,515,20150709,20070511,,20070101,T,559-4,4_294,,,40.36322802476594,-3.5995326897288193,4,93.0,Cañada del Santísimo,45,130,LAS SUERTES Linea 1,de,049,,0790101A15,I,,T07915560,U,N,Calle,449206,4468453,079-18-515
130,3,2,181,A,,295,0130,07901,295,362,079,0790101,28031,28,C0380,2,A,3,VALDECARROS,,,18,,517,20150709,20070511,,20070101,T,559-4,4_295,,,40.360068133185166,-3.59316035499877,4,93.0,Ensanche de Vallecas,120,131,VALDECARROS Linea 1,del,052,,0790101A15,I,,T07915692,U,N,Avda,449744,4468099,079-18-517
131,3,2,073,,,8,0108,07901,8,237,079,0790101,28010,28,04829,1,A,6,IGLESIA,,,07,,133,20150709,19990405,,19930701,T,559-1,4_8,,,40.434923478284944,-3.698979992348473,4,93.0,Pintor Sorolla,2,132,0108,del,065,,0790101298,I,,T0796943,U,N,Gta,440825,4476473,079-07-133
132,3,2,016,,,11,0111,07901,11,222,079,0790101,28013,28,03097,1,A,5,GRAN VIA,,,01,,14,20150709,19990405,,19930701,N,559-1,4_11,,,40.420008279509474,-3.701804154062708,4,93.0,Gran Vía,23,133,0111, ,117,,0790101328,I,,T0798905,U,N,Calle,440572,4474820,079-01-014
133,3,2,056,,,262,0152,07901,262,152,079,0790101,28036,28,00710,1,A,1,BAMBU,,,05,,83,20150709,20070409,,20070101,T,559-2,4_262,,,40.47681536116508,-3.6763674414711556,4,93.0,Bambú,14,134,BAMBU Linea 1,del,094,,0790101A01,I,,T0791371,U,N,Calle,442778,4481108,079-05-083
134,3,2,091,,,127,0625,07901,127,18,079,0790101,28008,28,02239,2,A,6,PRINCIPE PIO,,,09,,230,20150709,19990405,,19930701,P,559-1,4_127,,,40.42106884438364,-3.7203235591422588,4,90.0,Florida,2,135,0002,de la,010,1,0790101315,I,,T0798149,U,N,Paseo,439002,4474950,079-09-230
135,3,2,091,,,127,1012,07901,198,18,079,0790101,28008,28,02239,2,A,6,PRINCIPE PIO,,,09,,230,20150709,19990405,,19940101,P,559-1,4_198,,,40.42103069046502,-3.7203262700195014,4,90.0,Florida,2,136,0002,de la,010,1,0790101315,I,,T0798149,U,N,Paseo,439002,4474946,079-09-230
136,3,2,091,,,127,0002,07901,238,18,079,0790101,28008,28,02239,2,A,6,PRINCIPE PIO,,,09,,230,20150709,19990405,,19940101,P,559-1,4_238,,,40.420994937799975,-3.7203258886629875,4,90.0,Florida,2,137,0002,de la,010,1,0790101315,I,,T0798149,U,N,Paseo,439002,4474942,079-09-230
137,3,2,054,,,191,1005,07901,191,180,079,0790101,28046,28,01213,1,A,1,CUZCO,,,05,,92,20150709,19990405,,19980101,N,559-1,4_191,,,40.45842141927867,-3.689850751213803,4,93.0,Castellana,162,138,,de la,069,,0790101263,I,,T0794193,U,N,Paseo,441619,4479076,079-05-092
138,3,2,051,,,192,1006,07901,192,342,079,0790101,28046,28,01213,1,A,1,SANTIAGO BERNABEU,,,05,,96,20150709,19990405,,19980101,N,559-1,4_192,,,40.45158917952577,-3.6903793467348454,4,92.0,Castellana,97,139,1006,de la,004,,0790101265,I,,T0794957,U,N,Paseo,441569,4478317,079-05-096
139,3,2,,,,205,1021,00701,205,307,007,0070101,28924,28,02477,3,B1,5,PUERTA DEL SUR,,,02,,654,20150709,20030120,,20030101,T,559-3,4_205,,,40.3452428742768,-3.8121107350474532,4,92.0,Libertad,2,140,1021,de la,028,,0070101034,I,,T007474,U,N,Avda,431138,4466601,007-011
140,3,2,,,,204,1020,00701,204,240,007,0070101,28925,28,02477,3,B1,5,JOAQUIN VILUMBRALES,,,02,,655,20150709,20030120,,20030101,T,559-3,4_204,,,40.349848097734004,-3.8072012843672822,4,93.0,Libertad,13,141,1020,de la,021,,0070101020,I,,T007336,U,N,Avda,431560,4467108,007-012
141,3,2,117,,,207,1102,07901,207,431,079,0790101,28025,28,00017,2,A,4,ABRANTES,,,11,,296,20150709,19990405,,19930701,T,559-3,4_207,,,40.380833614731245,-3.7279002491217077,4,93.0,Abrantes,77,142,1102,de,168,,0790101657,I,,T07913568,U,N,Avda,438322,4470489,079-11-296
142,3,2,133,,,21,0121,07901,21,302,079,0790101,28018,28,00130,2,A,3,PORTAZGO,,,13,,358,20150709,19990405,,19930701,N,559-4,4_21,,,40.39266410896103,-3.658682425344429,4,93.0,Albufera,131,143,0121,de la,086,,0790101753,I,,T07912107,U,N,Avda,444208,4471756,079-13-358
143,3,2,203,,,133,0702,07901,133,326,079,0790101,28037,28,07062,2,A,2,SAN BLAS,,,20,,564,20150709,19990405,,19930701,N,559-2,4_133,,,40.427991906767446,-3.6154690762577584,4,93.0,Pobladura del Valle,27,144,0702,de,031,,0790101490,I,,T0797794,U,N,Calle,447903,4475651,079-20-564
144,3,2,201,,,134,0703,07901,134,346,079,0790101,28037,28,01224,2,A,2,SIMANCAS,,,20,,561,20150709,19990405,,19930701,N,559-2,4_134,,,40.4279923730252,-3.625721672941209,4,93.0,Castillo de Madrigal de las Altas Torres,15,145,0703,del,017,,0790101482,I,,T0797983,U,N,Calle,447033,4475657,079-20-561
145,3,2,159,,,263,0153,07901,263,96,079,0790101,28033,28,00582,2,A,1,PINAR DE CHAMARTIN,,,15,,397,20150709,20070409,,20070101,T,559-2,4_263,,,40.48013997815096,-3.666804481448275,4,92.0,Arturo Soria,330,146,PINAR DE CHAMARTIN Linea 1,de,164,4,0790101155,I,,T0791592,U,N,Calle,443592,4481471,079-15-397
146,3,2,159,,,263,0423,07901,266,96,079,0790101,28033,28,00582,2,A,1,PINAR DE CHAMARTIN,,,15,,397,20150709,20070410,,20070101,T,559-2,4_266,,,40.48013848447957,-3.6667610675346913,4,92.0,Arturo Soria,330,147,PINAR DE CHAMARTIN Linea 4,de,164,4,0790101155,I,,T0791592,U,N,Calle,443595,4481471,079-15-397
147,3,2,011,,,36,0516,07901,89,31,079,0790101,28013,28,02909,1,A,5,OPERA,,,01,,12,20150709,19990405,,19930701,N,559-1,4_89,,,40.41809334199409,-3.7093496027052257,4,92.0,Isabel II,9,148,0001,de,004,1,0790101330,I,,T0799022,U,N,Plaza,439930,4474612,079-01-012
148,3,2,011,,,36,0001,07901,237,31,079,0790101,28013,28,02909,1,A,5,OPERA,,,01,,12,20150709,19990405,,19930701,N,559-1,4_237,,,40.41809376445387,-3.7092805966893105,4,92.0,Isabel II,9,149,0001,de,004,1,0790101330,I,,T0799022,U,N,Plaza,439936,4474612,079-01-012
149,3,2,117,,,108,1101,07901,206,36,079,0790101,28025,28,02184,2,A,4,PLAZA ELIPTICA,,,11,,297,20150709,19990405,,19930701,T,559-3,4_206,,,40.384600790382066,-3.718252093606752,4,90.0,Fernández Ladreda,2,150,0605,de,183,3,0790101659,I,,T07913162,U,N,Plaza,439145,4470901,079-11-297
150,3,2,052,A,,64,0616,07901,118,4,079,0790101,28002,28,00312,1,A,1,AVENIDA DE AMERICA,,,05,,103,20150709,19990405,,19930701,N,559-2,4_118,,,40.43803528785048,-3.676583431725225,4,90.0,América,9,151,0411,de,031,1,0790101362,I,,T0796594,U,N,Avda,442727,4476804,079-05-103
151,3,2,052,A,,64,0710,07901,141,4,079,0790101,28002,28,00312,1,A,1,AVENIDA DE AMERICA,,,05,,103,20150709,19990405,,19930701,N,559-2,4_141,,,40.43803561557426,-3.676527279518791,4,90.0,América,9,152,0411,de,031,1,0790101362,I,,T0796594,U,N,Avda,442732,4476804,079-05-103
152,3,2,052,A,,64,0910,07901,170,4,079,0790101,28002,28,00312,1,A,1,AVENIDA DE AMERICA,,,05,,103,20150709,19990405,,19930701,N,559-2,4_170,,,40.43803832871194,-3.6764711524000466,4,90.0,América,9,153,0411,de,031,1,0790101362,I,,T0796594,U,N,Avda,442737,4476804,079-05-103
153,3,2,042,,,29,0202,07901,29,41,079,0790101,28028,28,05244,1,A,1,MANUEL BECERRA,,,04,,76,20150709,19990405,,19930701,N,559-2,4_29,,,40.42790417380744,-3.669258203049727,4,91.0,Manuel Becerra,1,154,0202,de,034,1,0790101387,I,,T0797933,U,N,Plaza,443340,4475675,079-04-076
154,3,2,061,,,6,0106,07901,6,40,079,0790101,28020,28,01600,1,A,6,CUATRO CAMINOS,,,06,,117,20150709,19990405,,19930701,T,559-1,4_6,,,40.44697395278304,-3.703974771978261,4,91.0,Cuatro Caminos,2,155,0106,de,023,1,0790101270,I,,T0795640,U,N,Gta,440412,4477814,079-06-117
155,3,2,062,,,6,0215,07901,42,40,079,0790101,28020,28,01600,1,A,6,CUATRO CAMINOS,,,06,,118,20150709,19990405,,19930701,T,559-1,4_42,,,40.446974274859556,-3.7039217350429934,4,91.0,Cuatro Caminos,10,156,0106,de,024,1,0790101269,I,,T0795641,U,N,Gta,440416,4477814,079-06-118
156,3,2,105,,,202,1016,07901,202,43,079,0790101,28024,28,10799,2,A,5,COLONIA JARDIN,,,10,,249,20150709,19990405,,20021022,T,559-3,4_202,,,40.396975426434246,-3.774616256196163,4,91.0,Arenas de San Pedro,2,157,1016,de,152,3,0790101515,I,,T07911169,U,N,Calle,434373,4472315,079-10-249
157,3,2,,,,212,1204,00701,212,294,007,0070101,28922,28,02606,3,B1,5,PARQUE OESTE,,,01,,651,20150709,20030120,,20030101,T,559-3,4_212,,,40.345894380413725,-3.849338616599969,4,93.0,Estambul,5,158,1204,de,017,,0070101029,I,,T007303,U,N,Calle,427977,4466703,007-008
158,3,2,,,,213,1205,09201,213,357,092,0920101,28933,28,A0368,3,B2,5,UNIVERSIDAD REY JUAN CARLOS,,,02,,782,20150709,20030120,,20030101,T,558-4,4_213,,,40.335122976598605,-3.8721796064244822,4,92.0,Tulipán,2,159,1205, ,034,,0920101065,I,,T092114,U,N,Calle,426025,4465526,092-004
159,3,2,,,,215,1207,09201,215,304,092,0920101,28931,28,A0004,3,B2,5,PRADILLO,,,04,,795,20150709,20030120,,20030101,T,581-2,4_215,,,40.32167696474467,-3.864889402970309,4,93.0,Agustina de Aragón,23,160,1207,de,001,,0920101008,I,,T092404,U,N,Calle,426630,4464028,092-017
160,3,2,,,,216,1208,09201,216,231,092,0920101,28934,28,A0325,3,B2,5,HOSPITAL DE MOSTOLES,,,04,,802,20150709,20030120,,20030101,T,581-2,4_216,,,40.316524281645606,-3.874712477719213,4,92.0,Río Sella,10,161,1208,del,025,,0920101057,I,,T092569,U,N,Calle,425790,4463464,092-024
161,3,2,,,,224,1218,06503,224,177,065,0650301,28905,28,A0074,3,B1,4,CONSERVATORIO,,,03,,731,20150709,20030120,,20030101,T,582-1,4_224,,,40.29324384631658,-3.7457610404433783,4,93.0,Arcas del Agua,5,162,1218,de las,026,,0650301004,I,,T0651135,U,N,Avda,436724,4460780,065-027
162,3,2,,,,218,1210,05805,218,260,058,0580501,28942,28,A0015,3,B2,4,LORANCA,,,09,,678,20150709,20030120,,20030101,T,582-1,4_218,,,40.29681266405529,-3.837683457120192,4,93.0,Alegría,4,163,Con Calle de la Pintura,de la,005,,0580501001,I,,T058165,U,N,Calle,428915,4461245,058-003
163,3,2,,,,219,1212,05801,219,230,058,0580102,28942,28,A0319,3,B2,4,HOSPITAL DE FUENLABRADA,,,07,,689,20150709,20030120,,20030101,T,582-1,4_219,,,40.28575548587764,-3.816416808685618,4,92.0,Molino,3,164,1212,del,007,,0580102039,I,,T058439,U,N,Cmno,430711,4460001,058-014
164,3,2,,,,220,1213,05801,220,292,058,0580102,28943,28,A0179,3,B2,4,PARQUE EUROPA,,,07,,691,20150709,20030120,,20030101,T,582-1,4_220,,,40.28517569649551,-3.8063229922835395,4,93.0,Francia,34,165,1213,de,009,,0580102015,I,,T058510,U,N,Calle,431569,4459929,058-016
165,3,2,072,,,41,0214,07901,41,163,079,0790101,28015,28,00886,1,A,6,CANAL,,,07,,132,20150709,19990405,,19930701,T,559-1,4_41,,,40.43841299799997,-3.704334573354305,4,93.0,Bravo Murillo,40,166,0214,de,026,,0790101300,I,,T0796585,U,N,Calle,440374,4476864,079-07-132
166,3,2,073,,,40,0213,07901,40,309,079,0790101,28015,28,05041,1,A,6,QUEVEDO,,,07,,138,20150709,19990405,,19930701,N,559-1,4_40,,,40.433217315157556,-3.704332861250257,4,93.0,Quevedo,1,167,0213,de,055,,0790101298,I,,T0797174,U,N,Gta,440369,4476288,079-07-138
167,3,2,,,,223,1217,06503,223,142,065,0650301,28905,28,A0420,3,B1,4,ARROYO CULEBRO,,,03,,731,20150709,20030120,,20030101,T,582-1,4_223,,,40.28874176914942,-3.7568233566673848,4,93.0,Juan José Rosón,1,168,1217,de,032,,0650301041,I,,T0651262,U,N,Paseo,435780,4460288,065-027
168,3,2,,,,225,1219,06503,225,132,065,0650301,28904,28,A0354,3,B1,4,ALONSO DE MENDOZA,,,03,,726,20150709,20030120,,20030101,T,582-1,4_225,,,40.300813961926536,-3.7366369717124623,4,93.0,Greco,6,169,1219,del,001,,0650301017,I,,T065978,U,N,Calle,437507,4461613,065-022
169,3,2,,,,229,1223,06503,229,261,065,0650301,28903,28,A0634,3,B1,4,LOS ESPARTALES,,,02,,707,20150709,20030120,,20030101,T,582-1,4_229,,,40.32422701493734,-3.7181978645243983,4,93.0,Rigoberta Menchú,3,170,1223, ,019,,0650301047,I,,T065112,U,N,Avda,439095,4464199,065-003
170,3,2,135,,,23,0123,07901,23,137,079,0790101,28038,28,05687,2,A,3,ALTO DEL ARENAL,,,13,,346,20150709,19990405,,19930701,T,559-4,4_23,,,40.38977101214874,-3.6452165490428263,4,93.0,Santillana del Mar,21,171,0123,de,145,,0790101734,I,,T07912438,U,N,Calle,445348,4471427,079-13-346
171,3,2,,A,,232,1226,07402,232,242,074,0740201,28915,28,A0370,3,B1,4,JULIAN BESTEIRO,,,04,,756,20150709,20030120,,20030101,T,solape,4_232,,,40.33474910783056,-3.7526589509919104,4,93.0,Rey Juan Carlos I,23,172,1226, ,015,,0740201021,I,,T074615,U,N,Avda,436177,4465391,074-017
172,3,2,025,,,44,0302,07901,44,181,079,0790101,28045,28,01675,1,A,4,DELICIAS,,,02,,39,20150709,19990405,,19930701,T,559-3,4_44,,,40.39990477855439,-3.694199616036338,4,92.0,Delicias,60,173,0302,de las,061,,0790101622,I,,T07911125,U,N,Paseo,441200,4472583,079-02-039
173,3,2,,,,236,1230,07402,236,338,074,0740201,28918,28,A0246,3,B1,4,SAN NICASIO,,,03,,747,20150709,20030120,,20030101,T,559-3,4_236,,,40.33616314789595,-3.775873625300736,4,93.0,Mar Mediterráneo,SN,174,1230, ,018,,0740201022,I,,T074496,U,SN,Avda,434207,4465565,074-008
174,3,2,134,A,,24,0124,07901,24,274,079,0790101,28038,28,11256,2,A,3,MIGUEL HERNANDEZ,,,13,,348,20150709,19990405,,19930701,T,559-4,4_24,,,40.38731574705667,-3.6395099006306384,4,93.0,León Felipe,4,175,0124,de,199,,0790101738,I,,T07912642,U,N,Calle,445831,4471151,079-13-348
175,3,2,116,,,254,1104,07901,254,334,079,0790101,28054,28,04863,2,A,4,SAN FRANCISCO,,,11,,307,20150709,20061213,,20061101,T,559-3,4_254,,,40.37359884105576,-3.739102929190019,4,93.0,Poblados,102,176,SAN FRANCISCO Linea 11,de los,156,,0790101985,I,,T07914496,U,N,Avda,437365,4469694,079-11-307
176,3,2,107,,,257,1018,07901,257,150,079,0790101,28024,28,02110,2,A,5,AVIACION ESPAÑOLA,,,10,,240,20150709,20061221,,20061222,T,559-3,4_257,,,40.38363943761124,-3.7839229464393767,4,93.0,Extremadura,463,177,AVIACION ESPAÑOLA Linea 10,de,161,,0790101524,I,,T07913223,U,N,Paseo,433570,4470841,079-10-240
177,3,2,164,,,258,0803,07901,258,298,079,0790101,28043,28,11656,2,A,1,PINAR DEL REY,,,16,,449,20150709,20070117,,20070115,T,559-2,4_258,,,40.46800136207379,-3.6486683605201167,4,93.0,Gran Vía de Hortaleza,47,178,PINAR DEL REY Linea 8,de la,045,,0790101172,I,,T0793052,U,N,Avda,445119,4480112,079-16-449
178,3,2,151,,,260,0251,07901,260,244,079,0790101,28017,28,03858,2,A,1,LA ELIPA,,,15,,426,20150709,20070215,,20070101,T,559-2,4_260,,,40.426617234977186,-3.6505189139028626,4,93.0,Marqués de Corbera,58,179,LA ELIPA Linea 2,del,015,,0790101458,I,,T0798184,U,N,Avda,444928,4475520,079-15-426
179,3,2,205,,,286,0751,07901,286,210,079,0790199,28022,28,10964,2,A,2,ESTADIO OLIMPICO,,,20,,555,20150709,20070507,,20070101,T,559-2,4_286,,,40.43339348409986,-3.6001536542125243,4,93.0,Arcentales,28,180,ESTADIO OLIMPICO Linea 7,de,067,,0790199999,I,,T0795745,U,N,Avda,449206,4476242,079-20-555
180,3,2,,,,184,0926,12307,184,319,123,1230701,28529,28,01508,3,B2,3,RIVAS VACIAMADRID,,,01,,918,20150709,19990702,,19990407,T,,4_184,,,40.32837092189286,-3.5205975209537232,4,93.0,Areneros,6,181,0926, ,001,,1230701001,S,,T1231,U,N,Calle,455885,4464542,123-006
181,3,2,135,,,22,0122,07901,22,50,079,0790101,28038,28,00130,2,A,3,BUENOS AIRES,,,13,,345,20150709,19990405,,19930701,N,559-4,4_22,,,40.39156287721576,-3.6539061229836958,4,93.0,Albufera,179,182,0122,de la,198,,0790101732,I,,T07911982,U,N,Avda,444612,4471631,079-13-345
182,3,2,141,,,178,0918,07901,178,52,079,0790101,28030,28,04590,2,A,3,PAVONES,,,14,,394,20150709,19990405,,19930701,N,559-4,4_178,,,40.40051154957267,-3.635122556293407,4,91.0,Hacienda de Pavones,342,183,0918,de la,003,4,0790101696,I,,T07911071,U,N,Calle,446214,4472613,079-14-394
183,3,2,171,,,273,0357,07901,273,82,079,0790101,28021,28,45300,2,A,4,VILLAVERDE ALTO,,,17,,484,20150709,20070420,,20070101,T,559-3,4_273,,,40.34122865689154,-3.7119902708686725,4,91.0,Valle de Tobalina,56,184,VILLAVERDE ALTO Linea 3,del,106,3,0790101855,I,,T07916147,U,N,Calle,439638,4466082,079-17-484
184,3,2,044,,,28,0201,07901,28,367,079,0790101,28028,28,00132,1,A,1,VENTAS,,,04,,73,20150709,19990405,,19930701,N,559-2,4_28,,,40.430884498813434,-3.6636588664575465,4,93.0,Alcalá,204,185,0201,de,071,,0790101391,I,,T0797177,U,N,Calle,443817,4476002,079-04-073
185,3,2,,,,217,1209,09201,217,266,092,0920101,28938,28,99999,3,B2,5,MANUELA MALASAÑA,,,04,,808,20150709,20030120,,20030101,T,,4_217,,,40.30903005583646,-3.8640211972261507,4,93.0,Sol de 9001,SN,186,"PAU-4 FR-349 Infraestruct

Mostoles (Madrid)", ,001,,0920101001,I,,T092403,U,SN,Plaza,426690,4462623,092-030
186,3,2,064,,,1,0101,07901,1,21,079,0790101,28046,28,01213,1,A,1,PLAZA DE CASTILLA,,,06,,109,20150709,19990405,,19930701,N,559-1,4_1,,,40.46689603731065,-3.689169587035836,4,90.0,Castellana,189,187,0101,de la,076,1,0790101119,I,,T0793027,U,N,Paseo,441684,4480016,079-06-109
187,3,2,056,,,1,0904,07901,164,21,079,0790101,28046,28,01213,1,A,1,PLAZA DE CASTILLA,,,05,,85,20150709,19990405,,19930701,N,559-1,4_164,,,40.46689629239304,-3.6891266532024405,4,90.0,Castellana,189,188,0101,de la,088,1,0790101119,I,,T0793028,U,N,Paseo,441688,4480016,079-05-085
188,3,2,174,,,271,0355,07901,271,38,079,0790101,28021,28,00345,2,A,4,VILLAVERDE BAJO CRUCE,,,17,,481,20150709,20070420,,20070101,T,559-3,4_271,,,40.35089476396152,-3.6926489418134363,4,91.0,Andalucía,38,189,VILLAVERDE BAJO CRUCE Linea 3,de,066,3,0790101839,I,,T07915790,U,N,Avda,441289,4467142,079-17-481
189,3,2,056,,,261,1003,07901,189,25,079,0790101,28036,28,00073,1,A,1,CHAMARTIN,,,05,,86,20150709,19990405,,19980101,T,559-2,4_189,,,40.472103124612666,-3.6825908805499754,4,90.0,Agustín de Foxá,40,190,,de,094,1,0790101150,I,,T0791996,U,N,Calle,442247,4480589,079-05-086
190,3,2,085,,,188,1002,07901,188,28,079,0790101,28046,28,01213,2,A,7,BEGOÑA,,,08,,195,20150709,19990405,,19980101,N,559-2,4_188,,,40.48041293210537,-3.6858496955790008,4,92.0,Castellana,261,191,,de la,103,1,0790101090,I,,T0791468,U,N,Paseo,441978,4481514,079-08-195
191,3,2,,,,280,1057,00601,280,268,006,0060101,28100,28,A0199,3,B1,1,MARQUES DE LA VALDAVIA,,,01,,594,20150709,20070424,,20070101,T,534-4,4_280,,,40.54102356213352,-3.637384941176687,4,93.0,Marqués de la Valdavia,21,192,MARQUES DE LA VALDAVIA Linea 10,del,018,,0060101005,I,,T006269,U,BLQ,Calle,446134,4488211,006-009
192,3,2,,,,282,1059,13405,282,159,134,1340501,,28,00893,3,B1,1,BAUNATAL,,,01,,627,20150709,20070424,,20070101,T,534-4,4_282,,,40.55442320714419,-3.6351260237120413,4,93.0,Lomas del Rey,2,193,BAUNATAL Linea 10,de las,034,,1340501008,I,,T134389,U,N,Avda,446336,4489697,134-010
193,3,2,087,,,326,0951,07901,326,275,079,0790101,28035,28,11964,1,A,7,MIRASIERRA,,,08,,159,20150709,20110329,,20110328,T,559-1,4_326,,,40.491097784867534,-3.7163444822992076,4,93.0,Ventisquero de la Condesa,28,194,,del,155,,,I,,T079962,U,N,Avda,439402,4482720,079-08-159
194,3,2,036,,,114,0914,07901,174,324,079,0790101,28007,28,01736,1,A,3,SAINZ DE BARANDA,,,03,,56,20150709,19990405,,19930701,N,559-4,4_174,,,40.4150284968071,-3.6695137437026353,4,93.0,Doctor Esquerdo,103,195,0612,del,081,,0790101681,I,,T0799211,U,N,Calle,443307,4474246,079-03-056
195,3,2,036,,,114,0612,07901,114,324,079,0790101,28007,28,01736,1,A,3,SAINZ DE BARANDA,,,03,,56,20150709,19990405,,19930701,N,559-4,4_114,,,40.41506853886662,-3.669514139418049,4,93.0,Doctor Esquerdo,103,196,0612,del,081,,0790101681,I,,T0799211,U,N,Calle,443307,4474250,079-03-056
196,3,2,152,,,136,0705,07901,136,146,079,0790101,28017,28,00621,2,A,1,ASCAO,,,15,,420,20150709,19990405,,19930701,N,559-2,4_136,,,40.4302055301581,-3.64105571498423,4,93.0,Ascao,29,197,0705,de,050,,0790101452,I,,T0797470,U,N,Calle,445734,4475912,079-15-420
197,3,2,022,,,93,0520,07901,93,85,079,0790101,28005,28,11748,1,A,4,PIRAMIDES,,,02,,27,20150709,19990405,,19930701,T,559-3,4_93,,,40.40259816545889,-3.7113771228123165,4,92.0,Doctor Vallejo Nágera,37,198,0520,del,087,1,0790101569,I,,T07910733,U,N,Paseo,439744,4472894,079-02-027
198,3,2,,,,235,1229,07402,235,88,074,0740201,28913,28,A0521,3,B1,4,LEGANES CENTRAL,,,01,,751,20150709,20030120,,20030101,T,582-1,4_235,,,40.32898523094555,-3.771536996688428,4,92.0,Virgen del Camino,1,199,1229,,020,7,0740201013,I,,T0741000,U,N,Calle,434568,4464765,074-012
199,3,2,,,,211,1203,00701,211,89,007,0070101,28922,28,A0045,3,B1,5,ALCORCON CENTRAL,,,01,,657,20150709,20030120,,20030101,T,559-3,4_211,,,40.350084340279416,-3.8317786206319795,4,92.0,Móstoles,12,200,1203,de,002,7,0070101028,I,,T007295,U,N,Avda,429473,4467154,007-014
200,3,2,,,,228,1222,06503,228,93,065,0650301,28903,28,A0161,3,B1,4,EL CASAR,,,02,,709,20150709,20030120,,20030101,T,582-1,4_228,,,40.31862315788545,-3.7098540423000594,4,92.0,Casar,2,201,1222,del,020,7,0650301045,I,,T065211,U,N,Avda,439799,4463572,065-005
201,3,2,042,,,30,0408,07901,61,61,079,0790101,28001,28,02608,1,A,1,GOYA,,,04,,75,20150709,19990405,,19930701,T,559-2,4_61,,,40.424805404817974,-3.6768461429074466,4,91.0,Goya,68,202,0203,de,019,1,0790101468,I,,T0798430,U,N,Calle,442693,4475336,079-04-075
202,3,2,042,,,31,0912,07901,172,301,079,0790101,28001,28,02511,1,A,1,PRINCIPE DE VERGARA,,,04,,75,20150709,19990405,,19930701,N,559-2,4_172,,,40.42417595482102,-3.6802398689995695,4,93.0,Príncipe de Vergara,12,203,0204,del,015,,0790101468,I,,T0798453,U,N,Calle,442405,4475268,079-04-075
203,3,2,074,,,142,1008,07901,194,223,079,0790101,28010,28,04049,1,A,6,GREGORIO MARAÑON,,,07,,135,20150709,19990405,,19980101,T,559-1,4_194,,,40.43753407332082,-3.691267602842976,4,92.0,Miguel Ángel,29,204,0711,de,093,,0790101293,I,,T0796658,U,N,Calle,441481,4476758,079-07-135
204,3,2,025,A,,259,0608,07901,259,143,079,0790101,28045,28,00895,1,A,4,ARGANZUELA-PLANETARIO,,,02,,40,20150709,20070129,,20070126,T,559-3,4_259,,,40.39310270492071,-3.688640347447094,4,93.0,Bronce,1,205,ARGANZUELA-PLANETARIO Linea 6,del,052,,0790101618,S,,T07911957,U,N,Calle,441666,4471824,079-02-040
205,3,2,116,,,255,1105,07901,255,161,079,0790101,28054,28,02496,2,A,4,CARABANCHEL ALTO,,,11,,306,20150709,20061213,,20061101,T,559-3,4_255,,,40.3720024216854,-3.751906344267269,4,93.0,Carabanchel Alto,40,206,CARABANCHEL ALTO Linea 11,de,139,,0790101807,I,,T07914816,U,N,Avda,436276,4469526,079-11-306
206,3,2,204,,,324,0254,07901,324,148,079,0790101,28032,28,10627,1,A,2,AVENIDA DE GUADALAJARA,,,20,,571,20150709,20110318,,20110316,T,559-2,4_324,,,40.42239358382272,-3.6120646096811457,4,93.0,Guadalajara,110,207,,de,109,,0790101488,I,,T0798699,U,N,Avda,448187,4475028,079-20-571
207,3,2,205,,,325,0255,07901,325,256,079,0790101,28022,28,45387,1,A,2,LAS ROSAS,,,20,,572,20150709,20110318,,20110316,T,559-2,4_325,,,40.42374843104424,-3.6033055955674373,4,93.0,Ginebra,35,208,,de,106,,0790101956,I,,T0798496,U,N,Paseo,448931,4475173,079-20-572
208,3,2,116,,,256,1106,07901,256,250,079,0790101,28054,28,C0333,2,A,4,LA PESETA,,,11,,305,20150709,20061213,,20061101,T,559-3,4_256,,,40.36422401181158,-3.756902710588123,4,93.0,Salvador Allende,3,209,LA PESETA Linea 11,de,155,,0790101983,I,,T07915170,U,N,Calle,435845,4468666,079-11-305
209,3,2,103,,,130,0628,07901,130,262,079,0790101,28011,28,02777,2,A,5,LUCERO,,,10,,262,20150709,19990405,,19930701,T,559-3,4_130,,,40.405099650652225,-3.745336959451509,4,93.0,Higueras,47,210,0628,de las,055,,0790101532,I,,T07910384,U,N,Calle,436865,4473195,079-10-262
210,3,2,083,,,152,0721,07901,152,253,079,0790101,28035,28,11977,2,A,7,LACOMA,,,08,,172,20150709,19990430,,19930701,T,559-1,4_152,,,40.485015026073626,-3.723045541550223,4,93.0,Riscos de Polanco,3,211,0721,de,142,,0790101901,I,,T0791283,U,N,Calle,438829,4482050,079-08-172
211,3,2,083,,,151,0720,07901,151,147,079,0790101,28035,28,09633,2,A,7,AVDA. DE LA ILUSTRACION,,,08,,175,20150709,19990430,,19930701,T,559-1,4_151,,,40.48010261154569,-3.7183982522186554,4,93.0,Islas Cíes,23,212,0720,de las,026,,0790101073,I,,T0791548,U,N,Calle,439218,4481501,079-08-175
212,3,2,094,,,148,0717,07901,148,365,079,0790101,28039,28,08822,2,A,6,VALDEZARZA,,,09,,210,20150709,19990429,,19930701,T,559-1,4_148,,,40.46482353283605,-3.715972126851418,4,93.0,San Restituto,70,213,0717,de,060,,0790101112,I,,T0793398,U,N,Calle,439410,4479804,079-09-210
213,3,2,054,,,156,0802,07901,156,77,079,0790101,28016,28,02511,1,A,1,COLOMBIA,,,05,,94,20150709,20020730,,20020101,T,559-2,4_156,,,40.456339068325185,-3.6768242867748153,4,92.0,Príncipe de Vergara,258,214,0802,del,098,,0790101336,I,,T0794392,U,N,Calle,442722,4478836,079-05-094
214,3,2,045,,,63,0509,07901,82,66,079,0790101,28006,28,03219,1,A,1,DIEGO DE LEON,,,04,,72,20150709,19990405,,19930701,N,559-2,4_82,,,40.43235319427283,-3.674261712530584,4,92.0,Juan Bravo,58,215,0410,de,102,1,0790101387,I,,T0797320,U,N,Calle,442919,4476172,079-04-072
215,3,2,091,,,53,0311,07901,53,14,079,0790101,28008,28,03934,2,A,6,MONCLOA,,,09,,226,20150709,19990405,,19930701,T,559-1,4_53,,,40.43502351519558,-3.719450619240696,4,90.0,Moncloa,1,216,0311,de la,010,5,0790101308,I,,T0796694,U,N,Plaza,439089,4476498,079-09-226
216,3,2,165,,,265,0422,07901,265,264,079,0790101,28033,28,00688,2,A,1,MANOTERAS,,,16,,442,20150709,20070410,,20070101,T,559-2,4_265,,,40.476874226693596,-3.6628954758911214,4,93.0,Bacares,24,217,MANOTERAS Linea 4,de,085,,0790101159,I,,T0791763,U,N,Calle,443920,4481106,079-16-442
217,3,2,181,,,27,0127,07901,27,176,079,0790101,28031,28,01480,2,A,3,CONGOSTO,,,18,,502,20150709,19990429,,19930701,T,559-4,4_27,,,40.37238237036666,-3.6188413501245416,4,93.0,Congosto,48,218,0127,del,021,,0790101783,I,,T07914629,U,N,Calle,447573,4469481,079-18-502
218,3,2,214,,,160,0807,07901,160,37,079,0790101,28042,28,02803,1,A,2,BARAJAS,,,21,,575,20150709,20020215,,19980101,T,559-2,4_160,,,40.475774163830884,-3.5825279097963674,4,92.0,Viejo de Hortaleza,10,219,0807,,028,4,0790101230,I,,T0791777,U,N,Cmno,450732,4480936,079-21-575
219,3,2,032,,,18,0610,07901,112,53,079,0790101,28007,28,00344,1,A,3,PACIFICO,,,03,,64,20150709,19990405,,19930701,N,559-4,4_112,,,40.402071738555954,-3.6738560384118877,4,92.0,Andalucía,2,220,0118,de,099,1,0790101712,I,,T07910981,U,N,Calle,442928,4472810,079-03-064
220,3,2,,,,234,1228,07402,234,234,074,0740201,28914,28,99999,3,B1,4,HOSPITAL SEVERO OCHOA,,,01,,770,20150709,20030120,,20030101,T,,4_234,,,40.32177027008829,-3.7679730473046176,4,92.0,Orellana,3,221,1228, ,001,,0740201001,I,,T0741187,U,N,Avda,434864,4463962,074-031
221,3,2,,,,205,1201,00701,209,307,007,,28924,28,02418,3,B1,5,PUERTA DEL SUR,,,02,,654,20150709,20030120,,20030101,T,,4_209,,,40.34543086550063,-3.8124891797456804,4,92.0,Leganés,52,222,1021,de,001,,,I,,,U,N,Avda,431106,4466622,007-011
222,3,2,,,,283,1060,13405,283,315,134,1340501,28701,28,00285,3,B1,1,REYES CATOLICOS,,,01,,629,20150709,20070424,,20070101,T,534-4,4_283,,,40.55037483366552,-3.6233994104420226,4,93.0,Plaza de Toros,7,223,REYES CATOLICOS Linea 10,de la,004,,1340501001,I,,T134449,U,N,Avda,447326,4489241,134-012
223,3,2,,,,281,1058,00601,281,265,006,0060101,28100,28,A0192,3,B1,1,MANUEL DE FALLA,,,01,,588,20150709,20070424,,20070101,T,534-4,4_281,,,40.55047998089715,-3.6468794495056858,4,93.0,Manuel de Falla,59,224,MANUEL DE FALLA Linea 10, ,054,,0060101034,I,,T00625,U,N,Calle,445338,4489267,006-003
224,3,2,,,,278,1055,00601,278,247,006,0060101,28108,28,A0299,3,B1,1,LA GRANJA,,,01,,593,20150709,20070424,,20070101,T,534-4,4_278,,,40.52759962236235,-3.658592087138037,4,93.0,Sepúlveda,1,225,LA GRANJA Linea 10,de,060,,0060101031,I,,T006468,U,N,Calle,444327,4486734,006-008
225,3,2,,,,284,1061,13405,284,233,134,1340501,28702,28,10111,3,B1,1,HOSPITAL INFANTA SOFIA,,,01,,621,20150709,20070424,,20070101,T,534-4,4_284,,,40.559769448196086,-3.6114547338421925,4,92.0,Europa,11,226,HOSPITAL DEL NORTE Linea 10, ,033,,1340501011,I,,T134276,U,N,Paseo,448344,4490276,134-004
226,3,2,051,,,119,0617,07901,119,312,079,0790101,28002,28,03070,1,A,1,REPUBLICA ARGENTINA,,,05,,96,20150709,19990405,,19930701,N,559-2,4_119,,,40.44379456449,-3.6840618670570504,4,93.0,Joaquín Costa,24,227,0617,de,008,,0790101371,I,,T0795857,U,N,Calle,442098,4477448,079-05-096
227,3,2,062,,,120,0801,07901,155,71,079,0790101,28046,28,01213,1,A,6,NUEVOS MINISTERIOS,,,06,,120,20150709,20021120,,20020101,T,559-1,4_155,,,40.446552669988414,-3.692405592344977,4,90.0,Castellana,65,228,0618,de la,029,1,0790101267,I,,T0795322,U,N,Paseo,441392,4477760,079-06-120
228,3,2,056,,,261,0151,07901,261,25,079,0790101,28036,28,00073,1,A,1,CHAMARTIN,,,05,,86,20150709,20070328,,20070101,T,559-2,4_261,,,40.47202685297345,-3.682590109403099,4,90.0,Agustín de Foxá,40,229,"Complejo Ferroviario

CHAMARTIN Linea 1",de,094,1,0790101150,I,,T0791996,U,N,Calle,442247,4480581,079-05-086
229,3,2,191,,,180,0920,07901,180,26,079,0790101,28032,28,08410,2,A,3,VICALVARO,,,19,,526,20150709,19990405,,19930701,T,559-4,4_180,,,40.404215916403444,-3.6088588260062022,4,93.0,San Cipriano,11,230,0920,de,003,4,0790101889,I,,T07910681,U,N,Calle,448445,4473008,079-19-526
230,3,2,,,,288,0755,04901,288,87,049,0490101,28821,28,A0080,3,B1,2,COSLADA CENTRAL,,,01,,898,20150709,20070507,,20070101,T,559-2,4_288,,,40.42373620597773,-3.5611923494996556,4,92.0,Doctor Fleming,41,231,"COSLADA CENTRAL Linea 7

Con Trva de León Felipe",del,013,8,0490101010,I,,T049291,U,N,Calle,452504,4475148,049-005
231,3,2,155,,,138,0707,07901,138,154,079,0790101,28027,28,09814,2,A,1,BARRIO DE LA CONCEPCION,,,15,,408,20150709,19990405,,19930701,N,559-2,4_138,,,40.439099399993054,-3.6520040012947503,4,93.0,Martínez Villergas,1,232,0707,de,136,,0790101407,I,,T0796553,U,N,Calle,444813,4476906,079-15-408
232,3,2,012,,,14,0114,07901,14,138,079,0790101,28012,28,00645,1,A,5,ANTON MARTIN,,,01,,20,20150709,19990405,,19930701,N,559-3,4_14,,,40.41246356569,-3.6993729633448895,4,93.0,Atocha,50,233,0114,de,027,,0790101A10,I,,T0799542,U,N,Calle,440772,4473981,079-01-020
233,3,2,074,,,143,0712,07901,143,131,079,0790101,28010,28,02527,1,A,6,ALONSO CANO,,,07,,134,20150709,19990405,,19930701,T,559-1,4_143,,,40.43837537611044,-3.6992456432372576,4,93.0,José Abascal,18,234,0712,de,090,,0790101293,I,,T0796622,U,N,Calle,440805,4476857,079-07-134
234,3,2,093,,,147,0716,07901,147,215,079,0790101,28039,28,11041,1,A,6,FRANCOS RODRIGUEZ,,,09,,217,20150709,19990430,,19930701,T,559-1,4_147,,,40.45648182077827,-3.712386672198295,4,93.0,Pablo Iglesias,87,235,0716,de,039,,0790101256,I,,T0794428,U,N,Avda,439707,4478875,079-09-217
235,3,2,094,,,149,0718,07901,149,139,079,0790101,28039,28,08974,2,A,6,ANTONIO MACHADO,,,09,,208,20150709,19990430,,19930701,T,559-1,4_149,,,40.47021772039073,-3.7176948552412226,4,93.0,Valderrodrigo,55,236,0718,de,052,,0790101100,I,,T0792691,U,N,Calle,439269,4480404,079-09-208
236,3,2,,,,186,0928,01401,186,141,014,0140101,28500,28,A0135,3,B3,3,ARGANDA DEL REY,,,01,,889,20150709,19990702,,19990407,T,583-1,4_186,,,40.303669277437,-3.447518960780649,4,93.0,Estación,37,237,0928,de la,001,,0140101016,S,,T014354,U,N,Paseo,462079,4461766,014-004
237,3,2,085,,,162,0902,07901,162,156,079,0790101,28029,28,09113,2,A,7,BARRIO DEL PILAR,,,08,,198,20150709,19990405,,19930701,N,559-1,4_162,,,40.47688906880558,-3.703164503841757,4,93.0,Ginzo de Limia,22,238,0902,de,090,,0790101095,I,,T0791839,U,N,Calle,440507,4481134,079-08-198
238,3,2,106,B,,203,1019,07901,203,84,079,0790101,28024,28,04078,2,A,5,CUATRO VIENTOS,,,10,,233,20150709,20030120,,20030101,T,559-3,4_203,,,40.37770688876972,-3.7915151998735666,4,92.0,Militar de Cuatro Vientos,6,239,1019, ,216,3,0790101522,I,,T07913886,U,N,Col,432919,4470188,079-10-233
239,3,2,053,,,168,0908,07901,168,175,079,0790101,28002,28,02511,1,A,1,CONCHA ESPINA,,,05,,97,20150709,19990405,,19930701,N,559-2,4_168,,,40.451448432622364,-3.677380122875907,4,93.0,Príncipe de Vergara,210,240,0908,del,049,,0790101369,I,,T0795041,U,N,Calle,442671,4478293,079-05-097
240,3,2,064,,,163,0903,07901,163,368,079,0790101,28029,28,11612,1,A,6,VENTILLA,,,06,,106,20150709,19990405,,19930701,N,559-1,4_163,,,40.46943537698728,-3.6958833297651754,4,93.0,Asturias,39,241,0903,de,073,,0790101123,I,,T0792766,U,N,Avda,441118,4480302,079-06-106
241,3,2,056,,,165,0905,07901,165,200,079,0790101,28036,28,03953,1,A,1,DUQUE DE PASTRANA,,,05,,88,20150709,19990405,,19930701,N,559-2,4_165,,,40.467625851508785,-3.6791705524779017,4,93.0,Mateo Inurria,41,242,0905,de,100,,0790101198,I,,T0792355,U,N,Calle,442533,4480090,079-05-088
242,3,2,164,,,71,0804,07901,157,79,079,0790101,28033,28,99999,2,A,1,MAR DE CRISTAL,,,16,,452,20150709,19990405,,19980101,T,559-2,4_157,,,40.469383787188725,-3.6383202232204686,4,92.0,Mar de Cristal,1,243,0418,de,050,4,0790101173,I,,T0792832,U,N,Gta,445997,4480260,079-16-452
243,3,2,071,,,52,0401,07901,54,68,079,0790101,28015,28,00120,1,A,5,ARGÜELLES,,,07,,136,20150709,19990405,,19930701,N,559-1,4_54,,,40.430598358763966,-3.7159568697272873,4,92.0,Alberto Aguilera,72,244,0310,de,001,,0790101303,I,,T0797329,U,N,Calle,439381,4476005,079-07-136
244,3,2,021,,,296,0760,04901,296,232,049,0490199,28822,28,99999,2,B1,3,HOSPITAL DEL HENARES,,,02,,905,20150709,20080215,,20080101,T,solape,4_296,,,40.41761001821852,-3.5345349720982124,4,92.0,Tiro,SN,245,"HOSPITAL DEL HENARES Linea 7

El raso. Coslada (MADRID)",del,016,,0490199001,I,,T049357,U,N,Cmno,454761,4474454,049-012
245,3,2,015,,,52,0624,07901,126,68,079,0790101,28015,28,99999,1,A,5,ARGÜELLES,,,01,,1,20150709,19990405,,19930701,T,559-1,4_126,,,40.430531839640196,-3.7159561654441755,4,92.0,Alberto Aguilera,72,246,0310,de,107,,0790101319,I,,T0797504,U,N,Calle,439381,4475997,079-01-001
246,3,2,016,,,49,0307,07901,49,62,079,0790101,28013,28,00987,1,A,5,CALLAO,,,01,,13,20150709,19990405,,19930701,T,559-1,4_49,,,40.420136495085096,-3.7056612368434116,4,91.0,Callao,3,247,0307,del,117,1,0790101328,I,,T0798880,U,N,Plaza,440245,4474836,079-01-013
247,3,2,044,,,139,0708,07901,139,289,079,0790101,28028,28,00902,1,A,1,PARQUE DE LAS AVENIDAS,,,04,,69,20150709,19990405,,19930701,N,559-2,4_139,,,40.43944760234025,-3.6629705808692217,4,93.0,Bruselas,56,248,0708,de,082,,0790101400,I,,T0796479,U,N,Avda,443883,4476952,079-04-069
248,3,2,014,,,86,0513,07901,86,170,079,0790101,28004,28,01644,1,A,5,CHUECA,,,01,,4,20150709,19990405,,19930701,N,559-1,4_86,,,40.422933178079816,-3.6976165924437825,4,93.0,Chueca,7,249,0513,de,081,,0790101324,I,,T0798596,U,N,Plaza,440930,4475141,079-01-004
249,3,2,015,,,10,1010,07901,196,355,079,0790101,28004,28,04502,1,A,5,TRIBUNAL,,,01,,3,20150709,19990405,,19930701,N,559-1,4_196,,,40.42599519678041,-3.7020777488360026,4,92.0,Palma,5,250,0110,de la,101,,0790101321,I,,T0798207,U,N,Calle,440554,4475484,079-01-003
250,3,2,,,,289,0756,04901,289,252,049,0490101,28823,28,A0132,3,B1,2,LA RAMBLA,,,02,,899,20150709,20070507,,20070101,T,559-2,4_289,,,40.42514348413913,-3.5479238333382477,4,93.0,Honduras,2,251,LA RAMBLA Linea 7, ,004,,0490101013,I,,T049174,U,N,Calle,453630,4475298,049-006
251,3,2,,,,287,0754,04901,287,157,049,0490101,28821,28,A0101,3,B1,2,BARRIO DEL PUERTO,,,01,,902,20150709,20070507,,20070101,T,559-2,4_287,,,40.42249687009597,-3.5691884702656647,4,93.0,España,8,252,BARRIO DEL PUERTO Linea 7,de,020,,0490101009,I,,T049324,U,N,Avda,451824,4475015,049-009
252,3,2,,,,290,0757,13002,290,332,130,1300201,28830,28,00037,3,B1,2,SAN FERNANDO,,,01,,929,20150709,20070507,,20070101,T,559-2,4_290,,,40.42441224966061,-3.5354145225517146,4,93.0,Gonzalo de Córdoba,24,253,SAN FERNANDO Linea 7,de,001,,1300201002,I,,T130234,U,N,Calle,454691,4475210,130-008
253,3,2,191,,,292,0759,13002,292,226,130,1300201,28830,28,00502,3,B1,2,HENARES,,,01,,930,20150709,20070507,,20070101,T,solape,4_292,,,40.41776948524124,-3.5271783527904157,4,93.0,Algorta,12,254,HENARES Linea 7,de,015,,1300201009,I,,T130336,U,N,Avda,455385,4474468,130-009
254,3,2,053,,,169,0909,07901,169,179,079,0790101,28002,28,02511,1,A,1,CRUZ DEL RAYO,,,05,,97,20150709,19990405,,19930701,N,559-2,4_169,,,40.44426588110329,-3.6782141096710466,4,93.0,Príncipe de Vergara,138,255,0909,del,043,,0790101364,I,,T0795757,U,N,Calle,442594,4477497,079-05-097
255,3,2,031,,,17,0117,07901,17,272,079,0790101,28007,28,01357,1,A,3,MENENDEZ PELAYO,,,03,,60,20150709,19990405,,19930701,N,559-4,4_17,,,40.40445052226359,-3.6809794170757697,4,93.0,Ciudad de Barcelona,23,256,0117,de la,005,,0790101710,I,,T07910481,U,N,Avda,442325,4473079,079-03-060
256,3,2,175,,,270,0354,07901,270,172,079,0790101,28041,28,00345,2,A,4,CIUDAD DE LOS ANGELES,,,17,,467,20150709,20070420,,20070101,T,559-3,4_270,,,40.359585428137,-3.6936264441706634,4,93.0,Andalucía,38,257,CIUDAD DE LOS ANGELES Linea 3,de,086,,0790101837,I,,T07915466,U,N,Avda,441213,4468107,079-17-467
257,3,2,171,,,272,0356,07901,272,328,079,0790101,28021,28,00345,2,A,4,SAN CRISTOBAL,,,17,,484,20150709,20070420,,20070101,T,559-3,4_272,,,40.34154193600964,-3.6931802991863165,4,93.0,Andalucía,81,258,SAN CRISTOBAL Linea 3,de,106,,0790101857,I,,T07916091,U,N,Avda,441235,4466104,079-17-484
258,3,2,073,,,39,0402,07901,55,325,079,0790101,28015,28,05292,1,A,6,SAN BERNARDO,,,07,,138,20150709,19990405,,19930701,N,559-1,4_55,,,40.429662461610036,-3.705673788588775,4,93.0,Ruiz Jiménez,5,259,0212,de,050,,0790101297,I,,T0797624,U,N,Gta,440252,4475894,079-07-138
259,3,2,073,,,9,0403,07901,56,160,079,0790101,28004,28,05315,1,A,6,BILBAO,,,07,,139,20150709,19990405,,19930701,N,559-1,4_56,,,40.42885030444197,-3.7011381755651382,4,93.0,Sagasta,5,260,0109,de,073,,0790101297,I,,T0797776,U,N,Calle,440636,4475801,079-07-139
260,3,2,074,,,57,0512,07901,85,133,079,0790101,28010,28,00224,1,A,6,ALONSO MARTINEZ,,,07,,140,20150709,19990405,,19930701,N,559-1,4_85,,,40.42828258137045,-3.6950229019466976,4,92.0,Almagro,4,261,0404,de,075,,0790101295,I,,T0797902,U,N,Calle,441155,4475734,079-07-140
261,3,2,012,,,46,0304,07901,46,10,079,0790101,28012,28,01925,1,A,5,EMBAJADORES,,,01,,22,20150709,19990405,,19930701,T,559-3,4_46,,,40.405127271162534,-3.70268049977228,4,92.0,Embajadores,10,262,Con gta de Embajadores,de,039,1,0790101612,I,,T07910437,U,N,Gta,440485,4473168,079-01-022
262,3,2,092,,,53,0623,07901,125,14,079,0790101,28008,28,04213,2,A,6,MONCLOA,,,09,,227,20150709,19990405,,19930701,T,559-1,4_125,,,40.43496631087177,-3.719450010688234,4,90.0,Moret,1,263,0311,de,028,5,0790101305,I,,T0796952,U,N,Paseo,439089,4476492,079-09-227
263,3,2,104,,,100,0527,07901,100,1,079,0790101,28047,28,08718,2,A,5,ALUCHE,,,10,,256,20150709,19990405,,19930701,T,559-3,4_100,,,40.38562861956385,-3.76080381070444,4,90.0,Valmojado,293,264,0527,de,091,3,0790101642,E,,T07912935,U,N,Calle,435534,4471045,079-10-256
264,3,2,022,,,46,0519,07901,92,10,079,0790101,28005,28,00022,1,A,4,ACACIAS,,,02,,28,20150709,19990405,,19930701,N,559-3,4_92,,,40.40387164372991,-3.7066410860751864,4,92.0,Acacias,20,265,0519,de las,020,1,0790101567,I,,T07910480,U,N,Paseo,440147,4473032,079-02-028
265,3,2,024,B,,43,0607,07901,110,11,079,0790101,28045,28,03410,1,A,4,LEGAZPI,,,02,,41,20150709,19990405,,19930701,T,559-3,4_110,,,40.39115775794032,-3.69505136534669,4,92.0,Legazpi,2,266,Con Calle del Vado de Santa Catalina,de,100,1,0790101625,I,,T07912296,U,N,Plaza,441120,4471613,079-02-041
266,3,2,023,B,,43,0301,07901,43,11,079,0790101,28045,28,03410,1,A,4,LEGAZPI,,,02,,38,20150709,19990405,,19930701,T,559-3,4_43,,,40.391154999510235,-3.695113687596018,4,92.0,Legazpi,2,267,0301,de,047,1,0790101624,I,,T07912258,U,N,Plaza,441114,4471612,079-02-038
267,3,2,027,,,111,0609,07901,111,13,079,0790101,28045,28,11713,1,A,4,MENDEZ ALVARO,,,02,,44,20150709,19990405,,19930701,N,559-4,4_111,,,40.39537559939098,-3.6781415070830423,4,90.0,Ombu,16,268,0609,del,083,1,0790101720,I,,T07911253,U,N,Calle,442559,4472070,079-02-044
268,3,2,112,,,96,0523,07901,96,16,079,0790101,28019,28,07986,2,A,4,OPORTO,,,11,,283,20150709,19990405,,19930701,N,559-3,4_96,,,40.38846476309323,-3.7313233124150336,4,92.0,Valle de Oro,13,269,0523,del,032,3,0790101656,I,,T07912607,U,N,Gta,438039,4471339,079-11-283
269,3,2,112,,,96,0603,07901,106,16,079,0790101,28019,28,07986,2,A,4,OPORTO,,,11,,283,20150709,19990405,,19930701,N,559-3,4_106,,,40.388467519483676,-3.731264112878039,4,92.0,Valle de Oro,2,270,0523,del,032,3,0790101656,I,,T07912607,U,N,Gta,438044,4471339,079-11-283
270,3,2,041,,,59,0406,07901,59,344,079,0790101,28001,28,02608,1,A,1,SERRANO,,,04,,70,20150709,19990405,,19930701,N,solape,4_59,,,40.42543215941902,-3.6866304363833353,4,93.0,Goya,19,271,0406,de,005,,0790101379,I,,T0798191,U,N,Calle,441864,4475412,079-04-070
271,3,2,045,,,63,0410,07901,63,66,079,0790101,28028,28,01704,1,A,1,DIEGO DE LEON,,,04,,67,20150709,19990405,,19930701,N,559-2,4_63,,,40.43467946439266,-3.6749527300771714,4,92.0,Diego de León,69,272,0410,de,099,1,0790101384,I,,T0796908,U,N,Calle,442862,4476430,079-04-067
272,3,2,088,A,,275,1052,07901,275,277,079,0790101,28049,28,45934,2,A,7,MONTECARMELO,,,08,,145,20150709,20070424,,20070101,T,534-3,4_275,,,40.505252159110974,-3.6957506950563808,4,93.0,Monasterio de Silos,63,273,MONTECARMELO Linea 10,de,165,,0790101981,I,,T079442,U,N,Avda,441160,4484278,079-08-145
273,3,2,052,,,66,0413,07901,66,129,079,0790101,28002,28,03477,1,A,1,ALFONSO XIII,,,05,,99,20150709,19990405,,19930701,N,559-2,4_66,,,40.44824838816102,-3.6679061529956103,4,93.0,López de Hoyos,190,274,0413,de,022,,0790101359,I,,T0795542,U,N,Calle,443471,4477932,079-05-099
274,3,2,156,,,67,0414,07901,67,149,079,0790101,28043,28,05092,2,A,1,AVENIDA DE LA PAZ,,,15,,401,20150709,19990405,,19930701,N,559-2,4_67,,,40.453542634899286,-3.6611819996826074,4,93.0,Ramón y Cajal,107,275,0414,de,153,,0790101354,I,Esq Avda de Ramón y Cajal,T0794748,U,N,Avda,444046,4478515,079-15-401
275,3,2,163,,,69,0416,07901,69,207,079,0790101,28043,28,10219,2,A,1,ESPERANZA,,,16,,458,20150709,19990405,,19930701,N,559-2,4_69,,,40.45944729719177,-3.645817180039627,4,93.0,Andorra,51,276,0416,de,015,,0790101224,I,,T0793932,U,N,Calle,445354,4479161,079-16-458
276,3,2,164,B,,71,0418,07901,71,79,079,0790101,28033,28,11719,2,A,1,MAR DE CRISTAL,,,16,,452,20150709,19990405,,19930701,T,559-2,4_71,,,40.46942603388481,-3.638322673402993,4,92.0,Mar de Cristal,1,277,0418,del,050,4,0790101173,I,,T0792835,U,N,Gta,445997,4480264,079-16-452
277,3,2,164,,,72,0419,07901,72,337,079,0790101,28033,28,07486,2,A,1,SAN LORENZO,,,16,,450,20150709,19990405,,19930701,T,559-2,4_72,,,40.47447073958695,-3.639577276564596,4,93.0,Barranquilla,9,278,0419,de la,058,,0790101173,I,,T0792111,U,N,Avda,445895,4480825,079-16-450
278,3,2,207,,,74,0501,07901,74,6,079,0790101,28022,28,00132,2,A,2,CANILLEJAS,,,20,,547,20150709,19990405,,19930701,N,559-2,4_74,,,40.449420844365704,-3.608160323120323,4,91.0,Alcalá,631,279,0501,de,072,4,0790101001,I,,T0795385,U,N,Calle,448539,4478026,079-20-547
279,3,2,208,,,75,0502,07901,75,350,079,0790101,28027,28,00132,2,A,2,TORRE ARIAS,,,20,,545,20150709,19990405,,19930701,N,559-2,4_75,,,40.443743296414574,-3.616994705938824,4,93.0,Alcalá,557,280,0502,de,095,,0790101431,I,,T0795643,U,N,Calle,447785,4477401,079-20-545
280,3,2,201,,,76,0503,07901,76,347,079,0790101,28037,28,00132,2,A,2,SUANZES,,,20,,550,20150709,19990405,,19930701,N,559-2,4_76,,,40.44085124307767,-3.6268397441771407,4,93.0,Alcalá,527,281,0503,de,119,,0790101445,I,,T0796414,U,N,Calle,446948,4477085,079-20-550
281,3,2,153,,,79,0506,07901,79,310,079,0790101,28027,28,06453,2,A,1,QUINTANA,,,15,,413,20150709,19990405,,19930701,N,559-2,4_79,,,40.43358494164949,-3.6473622420983225,4,93.0,Virgen del Sagrario,2,282,0506,de la,108,,0790101412,I,,T0797112,U,N,Calle,445202,4476291,079-15-413
282,3,2,154,,,80,0507,07901,80,203,079,0790101,28027,28,45119,2,A,1,EL CARMEN,,,15,,410,20150709,19990405,,19930701,N,559-2,4_80,,,40.43189329209465,-3.6575725472596625,4,93.0,Raquel Méller,2,283,0507,de,115,,0790101410,I,,T0797265,U,N,Calle,444334,4476110,079-15-410
283,3,2,046,,,83,0510,07901,83,283,079,0790101,28006,28,03219,1,A,1,NUÑEZ DE BALBOA,,,04,,66,20150709,19990405,,19930701,N,559-2,4_83,,,40.43278060804376,-3.6825799144836044,4,93.0,Juan Bravo,20,284,0510,de,115,,,I,,T0797259,U,N,Calle,442214,4476225,079-04-066
284,3,2,074,,,84,0511,07901,84,323,079,0790101,28010,28,01875,1,A,6,RUBEN DARIO,,,07,,135,20150709,19990405,,19930701,N,559-1,4_84,,,40.43315793720963,-3.689541598575491,4,93.0,Eduardo Dato,33,285,0511,de,082,,0790101294,I,,T0797099,U,N,Paseo,441624,4476271,079-07-135
285,3,2,073,,,9,0109,07901,9,160,079,0790101,28004,28,05315,1,A,5,BILBAO,,,07,,138,20150709,19990405,,19930701,N,559-1,4_9,,,40.42905602410363,-3.7021820657784166,4,93.0,Sagasta,2,286,0109,de,051,,0790101297,I,,T0797766,U,N,Calle,440548,4475824,079-07-138
286,3,2,112,,,94,0521,07901,94,269,079,0790101,28019,28,03887,2,A,4,MARQUES DE VADILLO,,,11,,276,20150709,19990405,,19930701,N,559-3,4_94,,,40.397356290324495,-3.7159600765140515,4,93.0,Marqués de Vadillo,4,287,0521,del,181,,0790101598,I,,T07911399,U,N,Gta,439351,4472315,079-11-276
287,3,2,112,,,95,0522,07901,95,358,079,0790101,28019,28,11051,2,A,4,URGEL,,,11,,284,20150709,19990405,,19930701,N,559-3,4_95,,,40.39335176845625,-3.7236048242936626,4,93.0,Camino Viejo de Leganés,1,288,0522,del,041,,0790101593,I,,T07911970,U,N,Calle,438698,4471876,079-11-284
288,3,2,114,,,97,0524,07901,97,373,079,0790101,28025,28,04383,2,A,4,VISTA ALEGRE,,,11,,289,20150709,19990405,,19930701,N,559-3,4_97,,,40.38884702575721,-3.7398245500065785,4,93.0,Oca,74,289,0524,de la,107,,0790101634,I,,T07912575,U,N,Calle,437318,4471387,079-11-289
